{"type": "FeatureCollection", "features": [{"type": "Feature", "pct_asian": 38.7, "suburb": "Aintree", "total_pop": 7982, "properties": {"suburb": "Aintree", "pct_asian": 38.7, "total_pop": 7982}, "geometry": {"type": "Polygon", "coordinates": [[[144.67179, -37.72628], [144.66931, -37.72776], [144.66941, -37.72867], [144.67026, -37.72981], [144.67118, -37.73098], [144.67133, -37.73185], [144.6701, -37.73458], [144.66287, -37.73033], [144.65675, -37.72674], [144.65359, -37.72489], [144.64831, -37.70746], [144.65786, -37.70012], [144.65805, -37.70024], [144.65806, -37.70055], [144.65799, -37.7007], [144.65823, -37.70079], [144.65842, -37.70073], [144.65868, -37.70072], [144.65884, -37.70067], [144.65901, -37.70076], [144.65895, -37.70115], [144.65918, -37.70133], [144.65949, -37.70148], [144.65964, -37.7016], [144.65996, -37.70155], [144.66029, -37.70149], [144.66029, -37.70159], [144.66026, -37.70178], [144.66016, -37.70204], [144.66032, -37.70237], [144.66053, -37.70233], [144.66065, -37.70215], [144.66075, -37.70182], [144.66106, -37.70172], [144.66136, -37.70157], [144.66184, -37.70152], [144.66197, -37.7018], [144.66216, -37.70229], [144.66269, -37.70237], [144.6629, -37.70227], [144.66296, -37.70202], [144.66328, -37.70192], [144.66374, -37.70176], [144.66412, -37.70212], [144.66468, -37.70273], [144.66492, -37.70295], [144.6654, -37.70364], [144.66532, -37.70391], [144.66528, -37.70426], [144.66555, -37.70446], [144.66594, -37.7046], [144.66626, -37.70484], [144.66673, -37.70507], [144.66736, -37.7052], [144.66785, -37.70576], [144.66877, -37.70661], [144.66943, -37.70695], [144.67017, -37.7077], [144.67123, -37.70802], [144.67313, -37.70834], [144.67378, -37.70837], [144.67386, -37.7089], [144.67433, -37.70989], [144.67511, -37.71034], [144.67574, -37.71095], [144.67645, -37.71109], [144.6772, -37.71112], [144.67797, -37.71139], [144.67863, -37.71205], [144.67936, -37.71263], [144.6796, -37.71326], [144.67955, -37.71393], [144.67929, -37.71483], [144.67907, -37.71529], [144.67904, -37.71578], [144.67914, -37.71612], [144.67954, -37.71649], [144.68018, -37.71688], [144.68059, -37.71719], [144.68081, -37.71748], [144.68101, -37.71783], [144.68125, -37.71811], [144.68149, -37.71843], [144.68069, -37.72083], [144.67975, -37.72298], [144.67749, -37.72542], [144.67589, -37.72641], [144.6757, -37.72801], [144.67516, -37.72842], [144.6736, -37.7277], [144.67204, -37.72669], [144.67179, -37.72628]]]}}, {"type": "Feature", "pct_asian": 33.5, "suburb": "Balwyn", "total_pop": 13495, "properties": {"suburb": "Balwyn", "pct_asian": 33.5, "total_pop": 13495}, "geometry": {"type": "Polygon", "coordinates": [[[145.06271, -37.80703], [145.06147, -37.8063], [145.06179, -37.80462], [145.062, -37.80352], [145.06233, -37.8018], [145.06253, -37.80078], [145.06612, -37.80125], [145.06753, -37.80143], [145.06949, -37.80169], [145.07232, -37.80206], [145.07515, -37.80243], [145.07908, -37.80294], [145.08159, -37.80327], [145.08437, -37.80364], [145.08782, -37.80409], [145.09065, -37.80447], [145.0938, -37.80441], [145.09602, -37.80399], [145.09829, -37.80396], [145.10041, -37.80422], [145.10121, -37.80397], [145.10212, -37.80282], [145.1027, -37.80313], [145.10474, -37.80318], [145.10413, -37.80694], [145.10348, -37.80928], [145.10326, -37.8093], [145.10305, -37.80937], [145.10289, -37.80946], [145.10273, -37.8096], [145.10263, -37.80975], [145.10257, -37.8099], [145.10255, -37.81009], [145.10258, -37.81025], [145.10266, -37.81041], [145.10278, -37.81056], [145.10186, -37.81125], [145.1014, -37.81187], [145.1008, -37.81198], [145.09986, -37.81261], [145.09938, -37.81449], [145.09805, -37.81429], [145.09671, -37.81416], [145.09619, -37.81411], [145.09493, -37.81394], [145.09399, -37.81367], [145.09299, -37.81382], [145.0924, -37.81365], [145.0921, -37.81317], [145.09197, -37.81288], [145.09146, -37.81351], [145.09067, -37.81395], [145.08928, -37.81378], [145.08848, -37.81378], [145.08815, -37.8154], [145.08809, -37.8157], [145.08779, -37.81727], [145.08727, -37.81732], [145.08701, -37.8186], [145.08611, -37.819], [145.08514, -37.81842], [145.08483, -37.81699], [145.08506, -37.81686], [145.08471, -37.81627], [145.08454, -37.81695], [145.08426, -37.81722], [145.08366, -37.81726], [145.08366, -37.81765], [145.08315, -37.81774], [145.08268, -37.81799], [145.0821, -37.81852], [145.0774, -37.81796], [145.07712, -37.81752], [145.07648, -37.81743], [145.07632, -37.81726], [145.07613, -37.81697], [145.07615, -37.81661], [145.07561, -37.81662], [145.07482, -37.81726], [145.07446, -37.8171], [145.07368, -37.81688], [145.07236, -37.81683], [145.07009, -37.81663], [145.07074, -37.81435], [145.07241, -37.81276], [145.07169, -37.81167], [145.07157, -37.80808], [145.06983, -37.80788], [145.06793, -37.80765], [145.06613, -37.80744], [145.06407, -37.80719], [145.06271, -37.80703]]]}}, {"type": "Feature", "pct_asian": 53.6, "suburb": "Box Hill", "total_pop": 14353, "properties": {"suburb": "Box Hill", "pct_asian": 53.6, "total_pop": 14353}, "geometry": {"type": "Polygon", "coordinates": [[[145.11697, -37.81276], [145.11796, -37.81287], [145.12012, -37.81312], [145.12082, -37.81321], [145.12108, -37.81324], [145.1216, -37.8133], [145.12194, -37.81334], [145.12308, -37.81347], [145.12362, -37.81354], [145.12467, -37.81366], [145.12478, -37.81367], [145.12489, -37.81368], [145.12609, -37.81382], [145.12728, -37.81396], [145.12848, -37.8141], [145.12977, -37.81426], [145.13023, -37.81431], [145.13128, -37.81443], [145.1315, -37.81449], [145.13171, -37.81454], [145.13292, -37.81467], [145.13408, -37.8148], [145.13448, -37.81485], [145.13588, -37.815], [145.13662, -37.81508], [145.13767, -37.8152], [145.13946, -37.81541], [145.13937, -37.81589], [145.13924, -37.81668], [145.13905, -37.81758], [145.13898, -37.81788], [145.13868, -37.81932], [145.13846, -37.81983], [145.13832, -37.82017], [145.13824, -37.82035], [145.13822, -37.82049], [145.13814, -37.82088], [145.13802, -37.82158], [145.13799, -37.82175], [145.13783, -37.8225], [145.13778, -37.82275], [145.13761, -37.82362], [145.13753, -37.82401], [145.13751, -37.8241], [145.13738, -37.82476], [145.13716, -37.82591], [145.13714, -37.826], [145.13695, -37.82697], [145.13666, -37.82847], [145.13655, -37.82903], [145.13648, -37.82942], [145.1363, -37.83039], [145.13309, -37.83003], [145.13296, -37.83], [145.13194, -37.82988], [145.13112, -37.82978], [145.12963, -37.82961], [145.12851, -37.82949], [145.12728, -37.82935], [145.12626, -37.82923], [145.12601, -37.8292], [145.12482, -37.82907], [145.1237, -37.82894], [145.12314, -37.82888], [145.12285, -37.82884], [145.12183, -37.82873], [145.12066, -37.8286], [145.12044, -37.82857], [145.11971, -37.82849], [145.11865, -37.82838], [145.11853, -37.82836], [145.1181, -37.82831], [145.11746, -37.82824], [145.11552, -37.82801], [145.11291, -37.82771], [145.113, -37.82727], [145.1133, -37.82587], [145.11346, -37.82506], [145.11349, -37.82492], [145.11367, -37.82408], [145.11378, -37.82349], [145.11401, -37.82227], [145.11421, -37.82123], [145.11431, -37.8207], [145.1145, -37.81973], [145.11455, -37.81943], [145.11477, -37.81826], [145.11487, -37.81776], [145.11504, -37.81688], [145.11518, -37.81603], [145.11533, -37.81523], [145.11538, -37.81497], [145.11557, -37.81392], [145.11561, -37.81369], [145.11566, -37.8134], [145.11581, -37.81261], [145.11591, -37.81264], [145.11697, -37.81276]]]}}, {"type": "Feature", "pct_asian": 36.3, "suburb": "Box Hill North", "total_pop": 12337, "properties": {"suburb": "Box Hill North", "pct_asian": 36.3, "total_pop": 12337}, "geometry": {"type": "Polygon", "coordinates": [[[145.13408, -37.8148], [145.1315, -37.81449], [145.12977, -37.81426], [145.12609, -37.81382], [145.12467, -37.81366], [145.12194, -37.81334], [145.12082, -37.81321], [145.11697, -37.81276], [145.116, -37.81154], [145.11633, -37.80976], [145.1167, -37.80776], [145.11716, -37.80527], [145.11755, -37.8031], [145.11778, -37.80181], [145.11817, -37.79966], [145.11874, -37.79666], [145.11905, -37.79645], [145.11929, -37.79663], [145.12002, -37.7971], [145.12023, -37.79739], [145.12085, -37.79774], [145.12134, -37.7978], [145.12234, -37.79796], [145.12255, -37.7981], [145.12339, -37.79842], [145.12374, -37.7985], [145.12401, -37.7987], [145.12427, -37.79858], [145.12453, -37.79859], [145.12488, -37.79875], [145.12527, -37.79858], [145.12545, -37.79836], [145.12584, -37.79844], [145.12637, -37.7982], [145.12654, -37.79795], [145.12687, -37.79784], [145.12701, -37.79771], [145.12731, -37.79756], [145.12771, -37.7975], [145.12805, -37.79751], [145.12819, -37.79726], [145.12842, -37.79707], [145.12863, -37.79685], [145.12898, -37.79684], [145.12908, -37.79667], [145.1291, -37.79631], [145.12925, -37.79605], [145.12964, -37.79599], [145.13002, -37.79593], [145.13044, -37.79593], [145.13077, -37.79583], [145.13106, -37.79568], [145.13152, -37.79555], [145.13178, -37.79538], [145.13224, -37.79538], [145.13262, -37.79538], [145.13294, -37.79546], [145.13303, -37.79563], [145.1333, -37.79599], [145.13353, -37.79616], [145.13388, -37.79626], [145.13448, -37.7963], [145.13495, -37.79618], [145.13533, -37.79618], [145.13561, -37.79634], [145.136, -37.7964], [145.1363, -37.79653], [145.1366, -37.79668], [145.13697, -37.79674], [145.13717, -37.79693], [145.13709, -37.79718], [145.13691, -37.79741], [145.13708, -37.79754], [145.13729, -37.79773], [145.13749, -37.79794], [145.13777, -37.79808], [145.13808, -37.79807], [145.13849, -37.79803], [145.1389, -37.79806], [145.13928, -37.79801], [145.13957, -37.79787], [145.13986, -37.79773], [145.14018, -37.79763], [145.1404, -37.79741], [145.1408, -37.79736], [145.14109, -37.79721], [145.14127, -37.79697], [145.14161, -37.79689], [145.14199, -37.79694], [145.14223, -37.79708], [145.14218, -37.79883], [145.1422, -37.79914], [145.14191, -37.80163], [145.14169, -37.80292], [145.14132, -37.80497], [145.14091, -37.8072], [145.14061, -37.8089], [145.1404, -37.81005], [145.14017, -37.81137], [145.13996, -37.81255], [145.13969, -37.81413], [145.13946, -37.81541], [145.13588, -37.815], [145.13408, -37.8148]]]}}, {"type": "Feature", "pct_asian": 42.0, "suburb": "Braybrook", "total_pop": 9682, "properties": {"suburb": "Braybrook", "pct_asian": 42.0, "total_pop": 9682}, "geometry": {"type": "Polygon", "coordinates": [[[144.84797, -37.77454], [144.84822, -37.7731], [144.85075, -37.77342], [144.85111, -37.77154], [144.85139, -37.77037], [144.85163, -37.771], [144.8518, -37.77166], [144.85185, -37.77217], [144.85206, -37.77256], [144.85244, -37.77303], [144.85283, -37.77333], [144.85345, -37.7737], [144.85379, -37.77389], [144.85405, -37.77398], [144.85442, -37.77404], [144.85507, -37.77426], [144.85556, -37.77449], [144.85583, -37.77472], [144.85605, -37.77486], [144.85631, -37.77499], [144.85649, -37.77513], [144.85677, -37.77528], [144.85709, -37.77547], [144.85753, -37.77564], [144.85786, -37.77579], [144.85819, -37.77588], [144.85838, -37.77596], [144.85865, -37.77599], [144.85898, -37.77596], [144.85944, -37.77599], [144.85995, -37.77609], [144.86052, -37.77613], [144.86078, -37.77611], [144.86109, -37.77599], [144.86138, -37.7758], [144.86149, -37.77566], [144.86154, -37.77558], [144.86186, -37.77533], [144.86239, -37.77497], [144.86291, -37.77467], [144.86361, -37.77437], [144.86396, -37.77422], [144.86385, -37.77489], [144.8637, -37.77664], [144.86398, -37.77768], [144.86575, -37.77911], [144.86541, -37.78122], [144.86544, -37.78133], [144.86515, -37.78288], [144.86471, -37.78518], [144.86445, -37.7866], [144.86413, -37.78794], [144.86401, -37.78896], [144.86384, -37.78988], [144.86358, -37.79129], [144.86332, -37.79267], [144.86328, -37.79284], [144.86314, -37.79333], [144.86268, -37.79575], [144.86256, -37.79672], [144.86239, -37.79765], [144.86122, -37.79943], [144.85353, -37.79856], [144.85159, -37.79839], [144.84738, -37.79791], [144.84713, -37.79783], [144.84283, -37.79733], [144.84246, -37.79724], [144.84233, -37.79717], [144.84217, -37.79707], [144.84205, -37.79693], [144.84192, -37.7968], [144.84181, -37.79666], [144.8418, -37.79644], [144.84187, -37.79626], [144.84194, -37.79615], [144.84222, -37.79572], [144.84246, -37.79562], [144.84269, -37.79558], [144.8429, -37.79552], [144.84309, -37.79544], [144.84331, -37.7954], [144.84352, -37.79534], [144.84369, -37.79526], [144.84376, -37.7952], [144.84392, -37.7951], [144.84404, -37.79496], [144.84414, -37.7948], [144.84423, -37.79464], [144.84428, -37.79451], [144.84432, -37.7944], [144.84441, -37.79423], [144.84439, -37.79407], [144.84436, -37.79399], [144.84436, -37.79391], [144.84437, -37.79388], [144.84477, -37.79357], [144.84508, -37.79196], [144.84537, -37.79004], [144.84573, -37.78792], [144.84598, -37.78646], [144.84631, -37.7845], [144.8466, -37.7828], [144.84685, -37.78131], [144.84701, -37.78034], [144.8472, -37.77924], [144.84714, -37.77888], [144.84745, -37.77726], [144.8478, -37.77543], [144.84797, -37.77454]]]}}, {"type": "Feature", "pct_asian": 34.1, "suburb": "Burwood", "total_pop": 15147, "properties": {"suburb": "Burwood", "pct_asian": 34.1, "total_pop": 15147}, "geometry": {"type": "Polygon", "coordinates": [[[145.10731, -37.85999], [145.10772, -37.85778], [145.10418, -37.85738], [145.1022, -37.85858], [145.10156, -37.86079], [145.0992, -37.86054], [145.09903, -37.86146], [145.09523, -37.86101], [145.09382, -37.8605], [145.0941, -37.85897], [145.09434, -37.85765], [145.09471, -37.85556], [145.09509, -37.85347], [145.09542, -37.85156], [145.09562, -37.85037], [145.09586, -37.84901], [145.09619, -37.84716], [145.09636, -37.84621], [145.09657, -37.84508], [145.09688, -37.84337], [145.09721, -37.84154], [145.09772, -37.83868], [145.09821, -37.83596], [145.10207, -37.83661], [145.10638, -37.83711], [145.11112, -37.83765], [145.11079, -37.83953], [145.11035, -37.84207], [145.1116, -37.84323], [145.11349, -37.84344], [145.11492, -37.84361], [145.11537, -37.84366], [145.11679, -37.8438], [145.11681, -37.84375], [145.11678, -37.84369], [145.11672, -37.84359], [145.11672, -37.84355], [145.1168, -37.84346], [145.11689, -37.84339], [145.11699, -37.84335], [145.11711, -37.84335], [145.1172, -37.84334], [145.11744, -37.84318], [145.11754, -37.84312], [145.11757, -37.84307], [145.11756, -37.84301], [145.11758, -37.84297], [145.11766, -37.8429], [145.11774, -37.84287], [145.11784, -37.84284], [145.11789, -37.84285], [145.11805, -37.84292], [145.1181, -37.84293], [145.11816, -37.84292], [145.11851, -37.84282], [145.11866, -37.84275], [145.11879, -37.84268], [145.11883, -37.84263], [145.11883, -37.8426], [145.11879, -37.84254], [145.119, -37.84219], [145.11934, -37.84183], [145.11954, -37.84157], [145.1198, -37.8414], [145.12017, -37.84127], [145.12047, -37.84141], [145.1209, -37.84131], [145.12149, -37.84122], [145.12128, -37.84306], [145.12104, -37.84438], [145.12532, -37.84488], [145.12882, -37.84528], [145.1324, -37.84569], [145.13314, -37.84772], [145.13268, -37.85025], [145.13227, -37.85261], [145.13209, -37.85369], [145.13187, -37.85492], [145.13151, -37.85701], [145.12866, -37.85723], [145.12562, -37.85687], [145.12259, -37.85651], [145.11893, -37.85607], [145.11399, -37.8555], [145.11357, -37.85798], [145.11316, -37.8602], [145.11075, -37.86082], [145.10723, -37.86043], [145.10731, -37.85999]]]}}, {"type": "Feature", "pct_asian": 37.8, "suburb": "Burwood East", "total_pop": 10675, "properties": {"suburb": "Burwood East", "pct_asian": 37.8, "total_pop": 10675}, "geometry": {"type": "Polygon", "coordinates": [[[145.1486, -37.84759], [145.14957, -37.84771], [145.15063, -37.84783], [145.15176, -37.84796], [145.15288, -37.8481], [145.15292, -37.8479], [145.15303, -37.84737], [145.15314, -37.84702], [145.15342, -37.84652], [145.1538, -37.84612], [145.15416, -37.84574], [145.1544, -37.8454], [145.15461, -37.84546], [145.15644, -37.8457], [145.15687, -37.84576], [145.15689, -37.84576], [145.15736, -37.84579], [145.15774, -37.84583], [145.15813, -37.84589], [145.15913, -37.84602], [145.16004, -37.84614], [145.16086, -37.84629], [145.16141, -37.84638], [145.16179, -37.84644], [145.16438, -37.84679], [145.16395, -37.84905], [145.16373, -37.85021], [145.16359, -37.85094], [145.16339, -37.85197], [145.16324, -37.85272], [145.16315, -37.85322], [145.16297, -37.85413], [145.16405, -37.85424], [145.16549, -37.85438], [145.16927, -37.85483], [145.16919, -37.85524], [145.16908, -37.85622], [145.16899, -37.85732], [145.16898, -37.8575], [145.16892, -37.85883], [145.16889, -37.85957], [145.16885, -37.86059], [145.16923, -37.862], [145.16915, -37.86199], [145.16662, -37.86168], [145.16551, -37.86154], [145.16514, -37.8615], [145.16448, -37.86142], [145.16329, -37.86127], [145.1619, -37.8611], [145.16078, -37.86096], [145.16058, -37.86094], [145.16006, -37.86087], [145.15967, -37.86083], [145.1588, -37.86072], [145.15841, -37.86067], [145.1563, -37.86042], [145.15609, -37.8604], [145.15557, -37.86033], [145.1554, -37.86031], [145.15506, -37.86027], [145.15385, -37.86013], [145.15241, -37.85995], [145.15076, -37.85976], [145.14726, -37.85933], [145.14713, -37.85932], [145.14505, -37.85907], [145.14454, -37.85901], [145.14405, -37.85895], [145.14355, -37.85889], [145.14148, -37.85866], [145.14013, -37.85851], [145.13868, -37.85835], [145.13842, -37.85832], [145.13675, -37.85814], [145.13636, -37.85809], [145.13505, -37.85795], [145.13466, -37.85791], [145.13414, -37.85785], [145.13293, -37.85771], [145.13238, -37.85765], [145.13229, -37.85764], [145.13144, -37.85755], [145.13151, -37.85701], [145.13156, -37.85674], [145.13167, -37.85609], [145.13187, -37.85492], [145.13195, -37.85451], [145.132, -37.85422], [145.13209, -37.85369], [145.13215, -37.85329], [145.13217, -37.85318], [145.13227, -37.85261], [145.13238, -37.85198], [145.13254, -37.85103], [145.13268, -37.85025], [145.13273, -37.85], [145.13291, -37.84902], [145.13314, -37.84772], [145.13318, -37.84752], [145.13369, -37.84758], [145.13464, -37.84769], [145.13465, -37.84759], [145.1347, -37.84732], [145.13473, -37.84716], [145.13476, -37.84701], [145.13479, -37.84686], [145.13482, -37.84671], [145.13484, -37.84655], [145.13493, -37.84607], [145.13494, -37.84601], [145.13595, -37.84613], [145.13718, -37.84627], [145.13779, -37.84633], [145.13843, -37.84641], [145.14004, -37.8466], [145.14035, -37.84664], [145.14175, -37.8468], [145.14196, -37.84682], [145.14205, -37.84683], [145.14307, -37.84695], [145.14363, -37.84702], [145.14465, -37.84714], [145.14511, -37.84719], [145.14609, -37.8473], [145.14665, -37.84737], [145.1486, -37.84759]]]}}, {"type": "Feature", "pct_asian": 34.1, "suburb": "Cairnlea", "total_pop": 10038, "properties": {"suburb": "Cairnlea", "pct_asian": 34.1, "total_pop": 10038}, "geometry": {"type": "Polygon", "coordinates": [[[144.79246, -37.748], [144.79455, -37.75219], [144.79575, -37.75353], [144.79621, -37.75454], [144.79678, -37.75537], [144.79709, -37.75604], [144.79714, -37.75612], [144.79719, -37.75618], [144.79724, -37.75624], [144.7973, -37.75632], [144.79734, -37.75639], [144.79736, -37.75645], [144.79739, -37.75655], [144.7974, -37.75662], [144.7974, -37.75671], [144.7974, -37.75676], [144.79738, -37.75685], [144.79734, -37.75694], [144.79731, -37.757], [144.79725, -37.75709], [144.79718, -37.75716], [144.7971, -37.75723], [144.79701, -37.75729], [144.79693, -37.75734], [144.79685, -37.75737], [144.79678, -37.75738], [144.79672, -37.75739], [144.79663, -37.7574], [144.79657, -37.75739], [144.79559, -37.75764], [144.79472, -37.75812], [144.79539, -37.75826], [144.79686, -37.75842], [144.79747, -37.75865], [144.79743, -37.75884], [144.79743, -37.75894], [144.79747, -37.7591], [144.79757, -37.75929], [144.79771, -37.75944], [144.79834, -37.75988], [144.79846, -37.75996], [144.79854, -37.75999], [144.79918, -37.76008], [144.79921, -37.76048], [144.79926, -37.76053], [144.79932, -37.76056], [144.80115, -37.76078], [144.8012, -37.76081], [144.80123, -37.76083], [144.80125, -37.76086], [144.80096, -37.76283], [144.80078, -37.76339], [144.80239, -37.7641], [144.80427, -37.76485], [144.80511, -37.76524], [144.80565, -37.76689], [144.80464, -37.76698], [144.80057, -37.76696], [144.7978, -37.76783], [144.79483, -37.76949], [144.7939, -37.77045], [144.79049, -37.77061], [144.79032, -37.76861], [144.79033, -37.76798], [144.79014, -37.76788], [144.78954, -37.76789], [144.78907, -37.76842], [144.78857, -37.76905], [144.78801, -37.76924], [144.78798, -37.76917], [144.78794, -37.76911], [144.78788, -37.76906], [144.78782, -37.76902], [144.78774, -37.76899], [144.78765, -37.76897], [144.78756, -37.76897], [144.78738, -37.76901], [144.78667, -37.76909], [144.7859, -37.76913], [144.78546, -37.76918], [144.78513, -37.76893], [144.78508, -37.76877], [144.78502, -37.76853], [144.78487, -37.76818], [144.78431, -37.76825], [144.77861, -37.76783], [144.77796, -37.76776], [144.77724, -37.76768], [144.77691, -37.76764], [144.77654, -37.7664], [144.77603, -37.76629], [144.77525, -37.76647], [144.77546, -37.76529], [144.77554, -37.7648], [144.77591, -37.76273], [144.77639, -37.75996], [144.77675, -37.75793], [144.77697, -37.75665], [144.77724, -37.75512], [144.77756, -37.7533], [144.77784, -37.7517], [144.77808, -37.75034], [144.77836, -37.74871], [144.77985, -37.74674], [144.78212, -37.74699], [144.78417, -37.74721], [144.78551, -37.74736], [144.78779, -37.74761], [144.78946, -37.74767], [144.79101, -37.74784], [144.79246, -37.748]]]}}, {"type": "Feature", "pct_asian": 36.2, "suburb": "Carlton", "total_pop": 16055, "properties": {"suburb": "Carlton", "pct_asian": 36.2, "total_pop": 16055}, "geometry": {"type": "Polygon", "coordinates": [[[144.97135, -37.79257], [144.97259, -37.7927], [144.97374, -37.79282], [144.97476, -37.79293], [144.97572, -37.79303], [144.97562, -37.79366], [144.97561, -37.79371], [144.97555, -37.79403], [144.9755, -37.79434], [144.97545, -37.79466], [144.97539, -37.79497], [144.97532, -37.79542], [144.97529, -37.79556], [144.97516, -37.79635], [144.97508, -37.79677], [144.97502, -37.79715], [144.97488, -37.79794], [144.97477, -37.79864], [144.97476, -37.79868], [144.97463, -37.79946], [144.97454, -37.79996], [144.97445, -37.80051], [144.97442, -37.80066], [144.97433, -37.80121], [144.97408, -37.80268], [144.97401, -37.80311], [144.97384, -37.8041], [144.97363, -37.80537], [144.97357, -37.80572], [144.97339, -37.80675], [144.97319, -37.80791], [144.97137, -37.80771], [144.97129, -37.80754], [144.97094, -37.80751], [144.96885, -37.80728], [144.96805, -37.8072], [144.96735, -37.80712], [144.96586, -37.80696], [144.96512, -37.80688], [144.9649, -37.80686], [144.96438, -37.8068], [144.96338, -37.80669], [144.9629, -37.80664], [144.96246, -37.8066], [144.96216, -37.80656], [144.96185, -37.80653], [144.96142, -37.80648], [144.96082, -37.80642], [144.95994, -37.80633], [144.95951, -37.80628], [144.95847, -37.80403], [144.95949, -37.80413], [144.9589, -37.80284], [144.95875, -37.8025], [144.95851, -37.802], [144.95847, -37.80192], [144.95848, -37.80183], [144.95868, -37.8007], [144.95884, -37.79985], [144.95991, -37.79997], [144.96103, -37.8001], [144.96251, -37.80026], [144.96398, -37.80041], [144.96422, -37.79911], [144.9643, -37.79862], [144.96433, -37.79847], [144.96462, -37.79683], [144.96473, -37.79616], [144.96498, -37.79455], [144.96497, -37.79437], [144.96496, -37.79424], [144.96493, -37.79406], [144.9649, -37.79392], [144.96484, -37.79375], [144.96478, -37.79362], [144.96472, -37.79349], [144.96463, -37.79333], [144.96451, -37.79317], [144.96451, -37.79316], [144.9644, -37.79304], [144.96425, -37.79287], [144.9641, -37.79273], [144.96412, -37.79272], [144.96425, -37.79279], [144.96438, -37.79286], [144.96452, -37.79292], [144.96466, -37.79298], [144.96481, -37.79303], [144.96496, -37.79308], [144.96511, -37.79311], [144.96521, -37.79314], [144.96527, -37.79315], [144.96543, -37.79317], [144.96559, -37.79319], [144.96575, -37.79321], [144.96591, -37.79321], [144.96607, -37.79321], [144.96623, -37.79321], [144.96665, -37.79317], [144.96674, -37.79316], [144.96686, -37.79314], [144.96699, -37.79311], [144.96712, -37.79307], [144.96722, -37.79304], [144.96731, -37.793], [144.96744, -37.79295], [144.96753, -37.7929], [144.96764, -37.79284], [144.96774, -37.79276], [144.96782, -37.79271], [144.96789, -37.79265], [144.96798, -37.79256], [144.96804, -37.79249], [144.96812, -37.7924], [144.96817, -37.79233], [144.96819, -37.79231], [144.96823, -37.79228], [144.96828, -37.79226], [144.96833, -37.79225], [144.9684, -37.79225], [144.96891, -37.7923], [144.96925, -37.79234], [144.9697, -37.79239], [144.96988, -37.79241], [144.97032, -37.79245], [144.97082, -37.79251], [144.97135, -37.79257]]]}}, {"type": "Feature", "pct_asian": 52.3, "suburb": "Clayton", "total_pop": 18988, "properties": {"suburb": "Clayton", "pct_asian": 52.3, "total_pop": 18988}, "geometry": {"type": "Polygon", "coordinates": [[[145.12823, -37.90509], [145.13201, -37.90552], [145.13734, -37.90613], [145.13961, -37.90639], [145.14196, -37.90668], [145.14536, -37.91033], [145.1502, -37.91236], [145.14999, -37.91349], [145.14932, -37.91742], [145.15032, -37.9178], [145.14908, -37.91899], [145.14883, -37.92025], [145.14858, -37.9216], [145.14813, -37.92408], [145.14796, -37.92499], [145.14754, -37.92717], [145.14337, -37.92455], [145.14306, -37.9251], [145.14266, -37.92607], [145.14236, -37.92769], [145.14182, -37.93039], [145.14129, -37.93132], [145.13528, -37.93055], [145.13303, -37.93027], [145.13186, -37.93013], [145.13075, -37.92999], [145.1289, -37.92976], [145.12834, -37.92969], [145.12645, -37.92946], [145.12256, -37.92898], [145.12135, -37.92883], [145.12032, -37.92871], [145.11907, -37.92855], [145.11641, -37.92822], [145.11496, -37.92804], [145.11399, -37.92792], [145.11267, -37.92776], [145.11146, -37.92761], [145.11035, -37.92747], [145.10935, -37.92734], [145.10851, -37.92724], [145.10753, -37.92712], [145.10777, -37.9259], [145.10801, -37.92468], [145.1083, -37.92325], [145.10873, -37.92108], [145.10895, -37.91996], [145.10863, -37.91985], [145.10875, -37.91936], [145.10879, -37.91941], [145.10883, -37.91944], [145.10887, -37.91945], [145.10893, -37.91946], [145.10898, -37.91944], [145.10902, -37.91942], [145.10905, -37.91939], [145.10906, -37.91935], [145.10914, -37.91935], [145.11138, -37.91923], [145.11156, -37.91831], [145.11173, -37.91833], [145.11223, -37.91801], [145.11252, -37.91658], [145.1129, -37.91465], [145.11327, -37.91275], [145.11612, -37.9131], [145.11728, -37.91324], [145.11917, -37.91347], [145.12189, -37.91381], [145.12232, -37.91133], [145.12275, -37.90899], [145.1231, -37.9071], [145.12327, -37.90619], [145.12349, -37.90506], [145.12401, -37.90229], [145.12434, -37.90053], [145.12563, -37.89927], [145.12921, -37.89977], [145.12848, -37.90377], [145.12835, -37.90444], [145.12823, -37.90509]]]}}, {"type": "Feature", "pct_asian": 44.3, "suburb": "Clayton South", "total_pop": 13381, "properties": {"suburb": "Clayton South", "pct_asian": 44.3, "total_pop": 13381}, "geometry": {"type": "Polygon", "coordinates": [[[145.13898, -37.94734], [145.13891, -37.94768], [145.13866, -37.94893], [145.13849, -37.94978], [145.13842, -37.95016], [145.13838, -37.95032], [145.13824, -37.95105], [145.13818, -37.95137], [145.13814, -37.95153], [145.1381, -37.95178], [145.13802, -37.95217], [145.13789, -37.95283], [145.13775, -37.9536], [145.1376, -37.95443], [145.13755, -37.95474], [145.13751, -37.95494], [145.1374, -37.95554], [145.13712, -37.95712], [145.13707, -37.95745], [145.13705, -37.95757], [145.13704, -37.95764], [145.13689, -37.95856], [145.13679, -37.95919], [145.13664, -37.96017], [145.13662, -37.96026], [145.13659, -37.96048], [145.13493, -37.96028], [145.13345, -37.96011], [145.13194, -37.95992], [145.13154, -37.96003], [145.13139, -37.96007], [145.13124, -37.96011], [145.13108, -37.96017], [145.13097, -37.96021], [145.13086, -37.96026], [145.13076, -37.96032], [145.13062, -37.9604], [145.1305, -37.96049], [145.13045, -37.9605], [145.13058, -37.96022], [145.13065, -37.95977], [145.12272, -37.95876], [145.11809, -37.95816], [145.11341, -37.95759], [145.11405, -37.95429], [145.11437, -37.95266], [145.11485, -37.95023], [145.11515, -37.94873], [145.11544, -37.94723], [145.11567, -37.94609], [145.11589, -37.94495], [145.11601, -37.94433], [145.11628, -37.94292], [145.11623, -37.94292], [145.11522, -37.94279], [145.11505, -37.94277], [145.11419, -37.94266], [145.11323, -37.94254], [145.11262, -37.94247], [145.11255, -37.94246], [145.11213, -37.9424], [145.11135, -37.94231], [145.11077, -37.94224], [145.1094, -37.94207], [145.10881, -37.942], [145.10766, -37.94186], [145.10712, -37.94179], [145.10722, -37.94124], [145.1074, -37.94031], [145.10753, -37.93965], [145.10761, -37.93925], [145.10769, -37.93883], [145.10785, -37.93799], [145.10792, -37.93766], [145.108, -37.93724], [145.108, -37.93721], [145.10806, -37.93693], [145.10817, -37.93637], [145.10831, -37.93562], [145.10833, -37.93555], [145.10849, -37.93468], [145.10852, -37.93456], [145.10874, -37.93343], [145.10908, -37.93164], [145.10922, -37.93094], [145.10929, -37.93061], [145.10946, -37.92971], [145.10951, -37.92947], [145.10992, -37.92742], [145.11035, -37.92747], [145.11117, -37.92757], [145.11146, -37.92761], [145.11249, -37.92774], [145.11267, -37.92776], [145.11376, -37.92789], [145.11399, -37.92792], [145.11447, -37.92798], [145.11496, -37.92804], [145.11598, -37.92817], [145.11641, -37.92822], [145.11775, -37.92839], [145.11907, -37.92855], [145.11971, -37.92863], [145.12032, -37.92871], [145.12078, -37.92876], [145.12135, -37.92883], [145.12226, -37.92894], [145.12256, -37.92898], [145.12376, -37.92913], [145.12645, -37.92946], [145.12696, -37.92952], [145.12834, -37.92969], [145.12846, -37.9297], [145.1289, -37.92976], [145.13003, -37.9299], [145.13075, -37.92999], [145.13122, -37.93005], [145.13186, -37.93013], [145.1323, -37.93018], [145.13303, -37.93027], [145.13415, -37.93041], [145.13528, -37.93055], [145.13595, -37.93064], [145.14129, -37.93132], [145.1399, -37.93843], [145.13976, -37.93912], [145.13969, -37.93948], [145.14005, -37.93975], [145.14005, -37.93994], [145.14005, -37.94052], [145.14006, -37.94113], [145.14006, -37.94129], [145.14007, -37.94146], [145.14009, -37.94168], [145.1401, -37.94213], [145.14009, -37.94235], [145.13992, -37.94323], [145.13971, -37.94424], [145.1396, -37.94474], [145.13944, -37.94555], [145.13936, -37.94584], [145.13929, -37.94608], [145.13919, -37.94639], [145.13906, -37.94698], [145.13898, -37.94734]]]}}, {"type": "Feature", "pct_asian": 33.7, "suburb": "Clyde North", "total_pop": 31681, "properties": {"suburb": "Clyde North", "pct_asian": 33.7, "total_pop": 31681}, "geometry": {"type": "Polygon", "coordinates": [[[145.36369, -38.07798], [145.37712, -38.07975], [145.37876, -38.07994], [145.37961, -38.08079], [145.38018, -38.08205], [145.38043, -38.08319], [145.38009, -38.08414], [145.3806, -38.08513], [145.38181, -38.08576], [145.38124, -38.08719], [145.38094, -38.08761], [145.38096, -38.08794], [145.38126, -38.08853], [145.38163, -38.08883], [145.38174, -38.08916], [145.38197, -38.08943], [145.38236, -38.08976], [145.38259, -38.08914], [145.38272, -38.0895], [145.38275, -38.08992], [145.3825, -38.09037], [145.38229, -38.09078], [145.38246, -38.0909], [145.38274, -38.09088], [145.38287, -38.09103], [145.38324, -38.09127], [145.38331, -38.09149], [145.38348, -38.09168], [145.38374, -38.09171], [145.3843, -38.09165], [145.38442, -38.09175], [145.38447, -38.09208], [145.3849, -38.09236], [145.3852, -38.09251], [145.38521, -38.09277], [145.38532, -38.09298], [145.38509, -38.093], [145.38484, -38.09315], [145.38536, -38.09361], [145.38621, -38.0938], [145.3868, -38.09371], [145.38792, -38.0942], [145.38852, -38.09387], [145.38908, -38.09395], [145.38902, -38.09448], [145.38988, -38.09437], [145.39071, -38.09466], [145.39084, -38.09526], [145.39201, -38.09633], [145.39223, -38.09685], [145.3945, -38.09755], [145.39623, -38.09908], [145.39781, -38.09993], [145.39847, -38.10491], [145.40021, -38.10729], [145.4007, -38.10872], [145.40055, -38.1097], [145.40077, -38.11063], [145.4002, -38.11144], [145.39969, -38.11217], [145.39905, -38.11309], [145.39943, -38.11408], [145.39977, -38.11517], [145.40189, -38.11892], [145.38339, -38.12562], [145.35902, -38.12252], [145.35424, -38.12193], [145.3397, -38.1202], [145.33268, -38.11939], [145.32172, -38.11802], [145.31803, -38.11527], [145.31883, -38.11291], [145.31734, -38.11121], [145.31744, -38.10944], [145.31711, -38.10645], [145.32049, -38.10517], [145.32227, -38.10261], [145.32236, -38.10135], [145.32308, -38.0974], [145.3162, -38.09662], [145.32733, -38.08859], [145.3334, -38.08518], [145.33535, -38.0745], [145.35419, -38.07681], [145.36369, -38.07798]]]}}, {"type": "Feature", "pct_asian": 34.8, "suburb": "Cobblebank", "total_pop": 3601, "properties": {"suburb": "Cobblebank", "pct_asian": 34.8, "total_pop": 3601}, "geometry": {"type": "Polygon", "coordinates": [[[144.58125, -37.70509], [144.57906, -37.70439], [144.57792, -37.70387], [144.57799, -37.70333], [144.57789, -37.70294], [144.57843, -37.70244], [144.57837, -37.70227], [144.57938, -37.70161], [144.5803, -37.70077], [144.58052, -37.70063], [144.58061, -37.70054], [144.58067, -37.70043], [144.58069, -37.70032], [144.58068, -37.69984], [144.58062, -37.6997], [144.5805, -37.69954], [144.57903, -37.69937], [144.57927, -37.69815], [144.57974, -37.69806], [144.5803, -37.69794], [144.58139, -37.6955], [144.58139, -37.69538], [144.58147, -37.69523], [144.58167, -37.6949], [144.58229, -37.69409], [144.58247, -37.69328], [144.58656, -37.69447], [144.59013, -37.69497], [144.60961, -37.69602], [144.61471, -37.69767], [144.62053, -37.7055], [144.62043, -37.70617], [144.62032, -37.70689], [144.62007, -37.70842], [144.61982, -37.70988], [144.6197, -37.71058], [144.61945, -37.71203], [144.61924, -37.71319], [144.61913, -37.7138], [144.61885, -37.7154], [144.61876, -37.71587], [144.61853, -37.71715], [144.61175, -37.71511], [144.61099, -37.71934], [144.61052, -37.72192], [144.60812, -37.72155], [144.60936, -37.71467], [144.60087, -37.71153], [144.59998, -37.71647], [144.59805, -37.71625], [144.5973, -37.71616], [144.59546, -37.71595], [144.59443, -37.71583], [144.59133, -37.71549], [144.59039, -37.71538], [144.58789, -37.7151], [144.58504, -37.71478], [144.58354, -37.71449], [144.58258, -37.71384], [144.58139, -37.71346], [144.58063, -37.71346], [144.58061, -37.71304], [144.5806, -37.71275], [144.5806, -37.71268], [144.58061, -37.71262], [144.58062, -37.71256], [144.58064, -37.71247], [144.58067, -37.71239], [144.5807, -37.71231], [144.58074, -37.71223], [144.58079, -37.71216], [144.58086, -37.71207], [144.58114, -37.71178], [144.58122, -37.71168], [144.58129, -37.71159], [144.58135, -37.7115], [144.58139, -37.71142], [144.58142, -37.71136], [144.58145, -37.71128], [144.58146, -37.71121], [144.58148, -37.71113], [144.58148, -37.71105], [144.58148, -37.71098], [144.58148, -37.7109], [144.58147, -37.71083], [144.58145, -37.71075], [144.58143, -37.71067], [144.5814, -37.71061], [144.58136, -37.71053], [144.58124, -37.71034], [144.58116, -37.71025], [144.58106, -37.71016], [144.58102, -37.71012], [144.58099, -37.71008], [144.58098, -37.71005], [144.58095, -37.71001], [144.58075, -37.70941], [144.5809, -37.70886], [144.58106, -37.70843], [144.58115, -37.70804], [144.58126, -37.70708], [144.58114, -37.70625], [144.58097, -37.7056], [144.58125, -37.70509]]]}}, {"type": "Feature", "pct_asian": 42.5, "suburb": "Docklands", "total_pop": 15495, "properties": {"suburb": "Docklands", "pct_asian": 42.5, "total_pop": 15495}, "geometry": {"type": "Polygon", "coordinates": [[[144.95221, -37.82372], [144.94982, -37.82353], [144.9492, -37.82345], [144.94837, -37.82336], [144.94794, -37.82337], [144.94793, -37.82376], [144.94804, -37.8242], [144.94807, -37.8243], [144.9481, -37.82444], [144.94813, -37.82455], [144.94811, -37.82474], [144.94798, -37.82522], [144.94784, -37.82553], [144.94756, -37.82582], [144.94746, -37.82591], [144.94722, -37.82614], [144.94706, -37.82632], [144.94698, -37.82642], [144.94693, -37.82648], [144.94688, -37.82658], [144.94655, -37.82651], [144.94613, -37.82644], [144.94571, -37.82639], [144.94501, -37.8263], [144.94459, -37.82623], [144.94297, -37.82595], [144.9423, -37.82586], [144.94145, -37.82578], [144.94053, -37.82573], [144.94035, -37.82572], [144.9401, -37.82572], [144.93979, -37.82545], [144.93956, -37.82525], [144.93772, -37.82366], [144.93786, -37.82308], [144.93714, -37.82293], [144.9368, -37.8229], [144.93651, -37.82283], [144.93524, -37.82257], [144.93523, -37.82257], [144.93272, -37.82204], [144.93148, -37.82178], [144.92855, -37.82116], [144.92681, -37.82097], [144.92475, -37.82075], [144.92063, -37.8208], [144.92038, -37.82002], [144.9199, -37.81853], [144.92671, -37.81623], [144.92881, -37.81605], [144.92917, -37.81602], [144.92963, -37.81589], [144.93044, -37.81564], [144.93115, -37.81537], [144.93193, -37.81526], [144.93241, -37.81508], [144.93291, -37.81452], [144.9333, -37.81405], [144.93427, -37.81289], [144.93444, -37.81267], [144.9347, -37.8119], [144.93468, -37.81052], [144.9347, -37.8103], [144.93473, -37.81014], [144.93503, -37.80945], [144.93544, -37.8095], [144.93597, -37.80956], [144.9368, -37.80971], [144.93724, -37.80983], [144.93792, -37.81004], [144.93852, -37.81026], [144.93911, -37.81051], [144.94011, -37.81097], [144.94083, -37.81132], [144.94137, -37.81159], [144.94203, -37.81194], [144.94288, -37.81244], [144.94303, -37.81249], [144.94319, -37.81253], [144.94335, -37.81253], [144.94353, -37.81251], [144.94372, -37.81245], [144.94472, -37.81207], [144.94495, -37.81204], [144.94509, -37.81205], [144.94525, -37.81208], [144.94545, -37.81185], [144.94603, -37.81163], [144.94783, -37.81094], [144.94812, -37.81152], [144.94825, -37.81164], [144.9493, -37.81255], [144.95033, -37.81347], [144.95144, -37.81315], [144.95165, -37.81361], [144.95181, -37.81396], [144.9519, -37.81415], [144.95235, -37.81512], [144.9528, -37.8161], [144.95325, -37.81708], [144.9537, -37.81807], [144.95392, -37.81855], [144.95415, -37.81906], [144.9544, -37.81959], [144.95463, -37.82009], [144.95508, -37.82109], [144.95516, -37.82125], [144.95536, -37.82169], [144.95574, -37.82251], [144.95599, -37.82304], [144.95527, -37.82333], [144.9544, -37.82354], [144.95333, -37.82369], [144.95221, -37.82372]]]}}, {"type": "Feature", "pct_asian": 36.5, "suburb": "Doncaster", "total_pop": 25020, "properties": {"suburb": "Doncaster", "pct_asian": 36.5, "total_pop": 25020}, "geometry": {"type": "Polygon", "coordinates": [[[145.13834, -37.79803], [145.13717, -37.79759], [145.13697, -37.79674], [145.13552, -37.79628], [145.13362, -37.79621], [145.13262, -37.79538], [145.13096, -37.79573], [145.12937, -37.79602], [145.12863, -37.79685], [145.12761, -37.79751], [145.12646, -37.79815], [145.12488, -37.79875], [145.1237, -37.79851], [145.12104, -37.79784], [145.11905, -37.79645], [145.11677, -37.79575], [145.11467, -37.79614], [145.11292, -37.79518], [145.11001, -37.79486], [145.10925, -37.7937], [145.10809, -37.79241], [145.1065, -37.79203], [145.1059, -37.79192], [145.10544, -37.79175], [145.1051, -37.7915], [145.10472, -37.79106], [145.10478, -37.79063], [145.10488, -37.78995], [145.10418, -37.78877], [145.10118, -37.78617], [145.10011, -37.78372], [145.10387, -37.77801], [145.11104, -37.77427], [145.11743, -37.77562], [145.11981, -37.77392], [145.12092, -37.77798], [145.12857, -37.77147], [145.13288, -37.76748], [145.13539, -37.77104], [145.13534, -37.77131], [145.13539, -37.77155], [145.13543, -37.77179], [145.13539, -37.77213], [145.13529, -37.77252], [145.13524, -37.77283], [145.13532, -37.77303], [145.1355, -37.7733], [145.13567, -37.77342], [145.13586, -37.77353], [145.13622, -37.77372], [145.13643, -37.77384], [145.13674, -37.77401], [145.13695, -37.7742], [145.13716, -37.77437], [145.13731, -37.77458], [145.13751, -37.77471], [145.13774, -37.77492], [145.13796, -37.77506], [145.13813, -37.77525], [145.1383, -37.77537], [145.13845, -37.77553], [145.1386, -37.7758], [145.13886, -37.77599], [145.13908, -37.77619], [145.13928, -37.77651], [145.13961, -37.7768], [145.14004, -37.77698], [145.14054, -37.77719], [145.14094, -37.77715], [145.14132, -37.77707], [145.14199, -37.77711], [145.14261, -37.7772], [145.14317, -37.77726], [145.14347, -37.77745], [145.14378, -37.77782], [145.14434, -37.77805], [145.14473, -37.77842], [145.1444, -37.78296], [145.1451, -37.78731], [145.14277, -37.79233], [145.14199, -37.79694], [145.14066, -37.79737], [145.13939, -37.79799], [145.13834, -37.79803]]]}}, {"type": "Feature", "pct_asian": 34.9, "suburb": "Doncaster East", "total_pop": 30926, "properties": {"suburb": "Doncaster East", "pct_asian": 34.9, "total_pop": 30926}, "geometry": {"type": "Polygon", "coordinates": [[[145.15884, -37.77454], [145.16565, -37.76856], [145.16787, -37.75624], [145.17136, -37.7463], [145.17269, -37.74745], [145.1734, -37.74948], [145.177, -37.75132], [145.17782, -37.75103], [145.18052, -37.75162], [145.18068, -37.75274], [145.18179, -37.75383], [145.18096, -37.75541], [145.18065, -37.75665], [145.18241, -37.75762], [145.18254, -37.75886], [145.18242, -37.75962], [145.18209, -37.76067], [145.18167, -37.76172], [145.18182, -37.76267], [145.18268, -37.76321], [145.18273, -37.76445], [145.1841, -37.76527], [145.18324, -37.77434], [145.18001, -37.77371], [145.17618, -37.77488], [145.17627, -37.77639], [145.17522, -37.78085], [145.17421, -37.78358], [145.17153, -37.78938], [145.17065, -37.79222], [145.16934, -37.79682], [145.16891, -37.80114], [145.16759, -37.80233], [145.16723, -37.80228], [145.16697, -37.80245], [145.16655, -37.80244], [145.16619, -37.80214], [145.16581, -37.80202], [145.16538, -37.80216], [145.16506, -37.80208], [145.16484, -37.80218], [145.16457, -37.80194], [145.1643, -37.80195], [145.16408, -37.80214], [145.16332, -37.80185], [145.16242, -37.80192], [145.16151, -37.80185], [145.16072, -37.80159], [145.15953, -37.80116], [145.15851, -37.8008], [145.15787, -37.80069], [145.15689, -37.80049], [145.15591, -37.80068], [145.15454, -37.8006], [145.1537, -37.80036], [145.15354, -37.80018], [145.15269, -37.79986], [145.15187, -37.79931], [145.15202, -37.79913], [145.1517, -37.79896], [145.15083, -37.79882], [145.1505, -37.79884], [145.15023, -37.79886], [145.15006, -37.79875], [145.1498, -37.79883], [145.14993, -37.79905], [145.14962, -37.79934], [145.14918, -37.79957], [145.14879, -37.79968], [145.14705, -37.79982], [145.14685, -37.79987], [145.14662, -37.79969], [145.14595, -37.7987], [145.14556, -37.79817], [145.14527, -37.79784], [145.14459, -37.79745], [145.14396, -37.79736], [145.14316, -37.79738], [145.14282, -37.79749], [145.14249, -37.79387], [145.14462, -37.78757], [145.1444, -37.78296], [145.14765, -37.7732], [145.15884, -37.77454]]]}}, {"type": "Feature", "pct_asian": 47.9, "suburb": "Glen Waverley", "total_pop": 42642, "properties": {"suburb": "Glen Waverley", "pct_asian": 47.9, "total_pop": 42642}, "geometry": {"type": "Polygon", "coordinates": [[[145.16448, -37.86142], [145.19533, -37.86512], [145.19481, -37.86558], [145.1954, -37.86575], [145.19517, -37.86611], [145.19417, -37.86627], [145.19495, -37.86643], [145.19462, -37.86684], [145.1949, -37.86701], [145.1946, -37.8674], [145.19469, -37.86804], [145.19404, -37.86858], [145.19425, -37.86865], [145.19456, -37.86878], [145.19378, -37.86928], [145.19379, -37.86983], [145.1929, -37.87063], [145.19333, -37.87076], [145.19328, -37.87155], [145.19259, -37.87152], [145.19208, -37.87209], [145.19311, -37.87252], [145.19326, -37.87313], [145.19347, -37.87342], [145.19274, -37.87387], [145.19335, -37.87388], [145.19282, -37.8742], [145.19209, -37.87422], [145.19202, -37.87452], [145.19245, -37.87474], [145.1925, -37.87521], [145.19264, -37.87576], [145.19193, -37.87626], [145.19138, -37.87724], [145.19186, -37.87748], [145.19147, -37.87794], [145.19129, -37.87856], [145.19129, -37.87915], [145.19195, -37.87881], [145.19185, -37.87951], [145.19163, -37.88014], [145.19094, -37.88071], [145.19163, -37.88096], [145.19244, -37.8809], [145.19287, -37.88138], [145.19304, -37.88232], [145.19355, -37.8823], [145.194, -37.88212], [145.19452, -37.88257], [145.1951, -37.88313], [145.19476, -37.88352], [145.19527, -37.88368], [145.19489, -37.88411], [145.19469, -37.88442], [145.1951, -37.88478], [145.19501, -37.8851], [145.19453, -37.88505], [145.19462, -37.88568], [145.1954, -37.88623], [145.1959, -37.88603], [145.19583, -37.88668], [145.19537, -37.8871], [145.19523, -37.8873], [145.19528, -37.88746], [145.1954, -37.88786], [145.19614, -37.88821], [145.19637, -37.88865], [145.19698, -37.88835], [145.1968, -37.88873], [145.19709, -37.88919], [145.19807, -37.88911], [145.19898, -37.88995], [145.19942, -37.89057], [145.20022, -37.89132], [145.20002, -37.89195], [145.19932, -37.89222], [145.20012, -37.89242], [145.18433, -37.89113], [145.16466, -37.90394], [145.14476, -37.89126], [145.14789, -37.87485], [145.15506, -37.86027], [145.16448, -37.86142]]]}}, {"type": "Feature", "pct_asian": 34.0, "suburb": "Kalkallo", "total_pop": 5548, "properties": {"suburb": "Kalkallo", "pct_asian": 34.0, "total_pop": 5548}, "geometry": {"type": "Polygon", "coordinates": [[[144.96328, -37.53962], [144.96238, -37.53972], [144.96207, -37.53944], [144.96101, -37.53932], [144.96031, -37.53944], [144.96027, -37.53989], [144.96056, -37.54037], [144.96007, -37.54134], [144.9477, -37.52571], [144.97718, -37.51406], [144.97703, -37.51419], [144.97639, -37.51404], [144.97591, -37.51405], [144.97583, -37.5142], [144.97599, -37.51458], [144.97606, -37.51486], [144.97561, -37.5154], [144.97505, -37.51576], [144.97449, -37.51592], [144.97461, -37.51622], [144.97485, -37.51656], [144.97472, -37.51678], [144.97467, -37.51708], [144.97492, -37.51736], [144.97541, -37.51773], [144.97561, -37.51812], [144.97556, -37.51838], [144.97535, -37.51879], [144.97547, -37.51932], [144.9757, -37.51952], [144.97614, -37.51974], [144.97623, -37.51984], [144.97591, -37.52011], [144.97525, -37.52045], [144.97518, -37.52061], [144.97551, -37.52099], [144.97567, -37.52124], [144.9757, -37.52154], [144.97535, -37.52209], [144.9751, -37.5228], [144.97427, -37.52394], [144.97395, -37.52415], [144.974, -37.52436], [144.97406, -37.52462], [144.97392, -37.52571], [144.97298, -37.52605], [144.97422, -37.5265], [144.97537, -37.52693], [144.97595, -37.52803], [144.97609, -37.52848], [144.97647, -37.52862], [144.97674, -37.52877], [144.97671, -37.52901], [144.97643, -37.52966], [144.97592, -37.5302], [144.97484, -37.5304], [144.97423, -37.53088], [144.97331, -37.53218], [144.97309, -37.53315], [144.97256, -37.53359], [144.97232, -37.53385], [144.97235, -37.53402], [144.97261, -37.5348], [144.9726, -37.53522], [144.97227, -37.5354], [144.97189, -37.53529], [144.97138, -37.53517], [144.97111, -37.53499], [144.97079, -37.53481], [144.97001, -37.53466], [144.96911, -37.53463], [144.96871, -37.53475], [144.96739, -37.53557], [144.96649, -37.53651], [144.96612, -37.53688], [144.96577, -37.53705], [144.96504, -37.53716], [144.96443, -37.53765], [144.96418, -37.53804], [144.96406, -37.53842], [144.96386, -37.53869], [144.96377, -37.53906], [144.96359, -37.53935], [144.96328, -37.53962]]]}}, {"type": "Feature", "pct_asian": 38.8, "suburb": "Keysborough", "total_pop": 30018, "properties": {"suburb": "Keysborough", "pct_asian": 38.8, "total_pop": 30018}, "geometry": {"type": "Polygon", "coordinates": [[[145.17955, -37.98401], [145.17968, -37.98365], [145.18029, -37.98374], [145.18051, -37.98378], [145.18185, -37.98394], [145.18228, -37.98421], [145.18296, -37.98443], [145.18304, -37.98403], [145.18338, -37.98407], [145.18358, -37.98305], [145.18428, -37.98208], [145.18443, -37.98187], [145.18485, -37.9818], [145.18528, -37.9822], [145.1857, -37.98217], [145.18581, -37.98185], [145.18593, -37.98189], [145.18793, -37.98214], [145.18903, -37.98216], [145.19059, -37.98236], [145.19157, -37.98166], [145.19208, -37.98035], [145.19218, -37.98136], [145.19228, -37.98175], [145.19333, -37.9831], [145.19406, -37.98349], [145.19392, -37.98387], [145.19372, -37.9842], [145.19366, -37.98457], [145.19335, -37.9866], [145.19267, -37.98989], [145.19232, -37.99276], [145.19223, -37.99317], [145.19213, -37.99423], [145.19228, -37.99531], [145.19253, -37.99576], [145.19285, -37.99617], [145.1931, -37.9964], [145.19339, -37.99666], [145.19379, -37.99709], [145.19429, -37.99767], [145.19469, -37.99811], [145.19421, -37.99916], [145.19331, -38.00131], [145.19309, -38.00189], [145.19206, -38.00438], [145.19052, -38.01148], [145.18828, -38.01873], [145.18729, -38.02195], [145.18709, -38.02244], [145.18686, -38.02289], [145.18569, -38.0265], [145.1841, -38.03116], [145.18351, -38.0318], [145.18138, -38.03281], [145.18093, -38.03283], [145.16412, -38.02888], [145.15974, -38.02754], [145.13756, -38.0214], [145.13863, -38.01995], [145.1393, -38.01877], [145.14001, -38.0151], [145.14084, -38.01082], [145.14082, -38.01064], [145.14189, -38.005], [145.14257, -38.00171], [145.14289, -38.00014], [145.1431, -37.99886], [145.14435, -37.9926], [145.1447, -37.99087], [145.14497, -37.98917], [145.14542, -37.9863], [145.14562, -37.98497], [145.14592, -37.9836], [145.14624, -37.98209], [145.14796, -37.98269], [145.14941, -37.98294], [145.15012, -37.98303], [145.15117, -37.98316], [145.1517, -37.98306], [145.15183, -37.98327], [145.15228, -37.98323], [145.15547, -37.98363], [145.15555, -37.98324], [145.1559, -37.98145], [145.15602, -37.98086], [145.15859, -37.98116], [145.16102, -37.98146], [145.16177, -37.98155], [145.16197, -37.98116], [145.1623, -37.98111], [145.16292, -37.98105], [145.16429, -37.98116], [145.16485, -37.98075], [145.16491, -37.98032], [145.1655, -37.97995], [145.16599, -37.98016], [145.16629, -37.98027], [145.1676, -37.98161], [145.16772, -37.98175], [145.16875, -37.98294], [145.17062, -37.98217], [145.17035, -37.98368], [145.17337, -37.98404], [145.1742, -37.98413], [145.17453, -37.98425], [145.1747, -37.98407], [145.17607, -37.98423], [145.17668, -37.9832], [145.1767, -37.98367], [145.17879, -37.98392], [145.17955, -37.98401]]]}}, {"type": "Feature", "pct_asian": 37.0, "suburb": "Laverton", "total_pop": 4760, "properties": {"suburb": "Laverton", "pct_asian": 37.0, "total_pop": 4760}, "geometry": {"type": "Polygon", "coordinates": [[[144.77242, -37.86743], [144.77152, -37.86773], [144.77124, -37.86779], [144.77048, -37.86795], [144.77008, -37.868], [144.76952, -37.86806], [144.76892, -37.86812], [144.76777, -37.86823], [144.76662, -37.86834], [144.76547, -37.86844], [144.76415, -37.86857], [144.76286, -37.86869], [144.76149, -37.86882], [144.76001, -37.86896], [144.76001, -37.86906], [144.75487, -37.86955], [144.75481, -37.86955], [144.75131, -37.86981], [144.75113, -37.86951], [144.75098, -37.8691], [144.75109, -37.86866], [144.75045, -37.86704], [144.75047, -37.86701], [144.7505, -37.86698], [144.75052, -37.86697], [144.75055, -37.86694], [144.75058, -37.86692], [144.7506, -37.86691], [144.75064, -37.86689], [144.75068, -37.86687], [144.75072, -37.86685], [144.75074, -37.86685], [144.75078, -37.86683], [144.75239, -37.86643], [144.75567, -37.8656], [144.75783, -37.86505], [144.75772, -37.86472], [144.75648, -37.8612], [144.75645, -37.8611], [144.75642, -37.86102], [144.75547, -37.85832], [144.75545, -37.85826], [144.75509, -37.85759], [144.75482, -37.85707], [144.75477, -37.85701], [144.75424, -37.85642], [144.75297, -37.85498], [144.75266, -37.85463], [144.75254, -37.85451], [144.75254, -37.85443], [144.7613, -37.85517], [144.76362, -37.85352], [144.7687, -37.85098], [144.76894, -37.85118], [144.76937, -37.85093], [144.77164, -37.84957], [144.77323, -37.8486], [144.77525, -37.84736], [144.7762, -37.84678], [144.77655, -37.84656], [144.77685, -37.84651], [144.77861, -37.84645], [144.77952, -37.84629], [144.78086, -37.84585], [144.78049, -37.84619], [144.78048, -37.84623], [144.78033, -37.84687], [144.78029, -37.84704], [144.78022, -37.84732], [144.78012, -37.84773], [144.78002, -37.84815], [144.77995, -37.84842], [144.77985, -37.84885], [144.77981, -37.84901], [144.77958, -37.84997], [144.7792, -37.85154], [144.7784, -37.85489], [144.77778, -37.85745], [144.77801, -37.8575], [144.77775, -37.85874], [144.77761, -37.85936], [144.77688, -37.8626], [144.77676, -37.86312], [144.77673, -37.86326], [144.77624, -37.86437], [144.77571, -37.86512], [144.7746, -37.86629], [144.7739, -37.86669], [144.77382, -37.86673], [144.77266, -37.86735], [144.77242, -37.86743]]]}}, {"type": "Feature", "pct_asian": 33.0, "suburb": "Lynbrook", "total_pop": 9121, "properties": {"suburb": "Lynbrook", "pct_asian": 33.0, "total_pop": 9121}, "geometry": {"type": "Polygon", "coordinates": [[[145.24723, -38.0364], [145.24814, -38.03704], [145.24835, -38.03723], [145.24856, -38.03745], [145.24906, -38.03794], [145.24963, -38.03878], [145.24977, -38.03899], [145.25225, -38.04263], [145.25428, -38.04561], [145.25453, -38.04599], [145.25484, -38.04644], [145.25524, -38.04707], [145.25732, -38.04618], [145.25782, -38.04597], [145.25909, -38.04542], [145.25916, -38.04541], [145.26074, -38.04525], [145.26164, -38.04515], [145.26532, -38.04477], [145.26517, -38.04554], [145.2651, -38.04585], [145.26476, -38.04753], [145.26454, -38.04859], [145.26404, -38.05102], [145.26391, -38.05165], [145.26358, -38.05328], [145.26279, -38.05722], [145.2623, -38.05751], [145.26254, -38.05793], [145.26292, -38.05878], [145.26617, -38.06594], [145.2657, -38.06588], [145.26503, -38.0658], [145.26479, -38.06695], [145.26472, -38.06727], [145.26469, -38.0674], [145.26464, -38.06767], [145.26302, -38.06743], [145.26289, -38.06806], [145.26277, -38.06866], [145.26272, -38.06889], [145.26302, -38.06922], [145.26429, -38.06938], [145.26429, -38.06939], [145.26426, -38.06953], [145.26424, -38.06964], [145.26412, -38.07017], [145.26407, -38.07042], [145.264, -38.07075], [145.26399, -38.07084], [145.26387, -38.07142], [145.26385, -38.07152], [145.26359, -38.07274], [145.2634, -38.07368], [145.26336, -38.07387], [145.26332, -38.07406], [145.26328, -38.07427], [145.26318, -38.07473], [145.26315, -38.07488], [145.26305, -38.07537], [145.263, -38.07559], [145.26289, -38.07612], [145.26278, -38.07665], [145.26265, -38.0773], [145.2628, -38.07749], [145.26249, -38.07765], [145.26199, -38.07688], [145.25936, -38.07355], [145.25871, -38.07272], [145.25851, -38.07246], [145.25523, -38.06814], [145.25478, -38.06754], [145.25465, -38.06737], [145.25382, -38.06627], [145.25379, -38.06623], [145.25274, -38.06438], [145.25164, -38.06212], [145.25069, -38.06016], [145.24974, -38.05826], [145.24973, -38.05825], [145.24893, -38.05664], [145.24861, -38.05599], [145.24797, -38.05471], [145.2476, -38.05397], [145.24728, -38.05334], [145.24547, -38.04972], [145.24518, -38.0491], [145.24526, -38.04865], [145.24561, -38.04684], [145.24594, -38.04513], [145.24633, -38.04303], [145.24685, -38.04017], [145.24708, -38.03845], [145.24723, -38.0364]]]}}, {"type": "Feature", "pct_asian": 36.4, "suburb": "Lyndhurst", "total_pop": 8926, "properties": {"suburb": "Lyndhurst", "pct_asian": 36.4, "total_pop": 8926}, "geometry": {"type": "Polygon", "coordinates": [[[145.24373, -38.05643], [145.24391, -38.0555], [145.24421, -38.05396], [145.24429, -38.05358], [145.24431, -38.05348], [145.24433, -38.05335], [145.24518, -38.0491], [145.24547, -38.04972], [145.24728, -38.05334], [145.2476, -38.05397], [145.24797, -38.05471], [145.24861, -38.05599], [145.24893, -38.05664], [145.24973, -38.05825], [145.24974, -38.05826], [145.25069, -38.06016], [145.25164, -38.06212], [145.25274, -38.06438], [145.25379, -38.06623], [145.25382, -38.06627], [145.25465, -38.06737], [145.25478, -38.06754], [145.25523, -38.06814], [145.25851, -38.07246], [145.25871, -38.07272], [145.25936, -38.07355], [145.26199, -38.07688], [145.26249, -38.07765], [145.26315, -38.07851], [145.26351, -38.07899], [145.26425, -38.07996], [145.26483, -38.08072], [145.26347, -38.08062], [145.26168, -38.0804], [145.25814, -38.07998], [145.25699, -38.07983], [145.2553, -38.07963], [145.25518, -38.07961], [145.25214, -38.07923], [145.25207, -38.07923], [145.25124, -38.07912], [145.25113, -38.07911], [145.24828, -38.07875], [145.24542, -38.0784], [145.24413, -38.07824], [145.24042, -38.07777], [145.23959, -38.07766], [145.23564, -38.07723], [145.23129, -38.07674], [145.22772, -38.07629], [145.22147, -38.07549], [145.21261, -38.07436], [145.20309, -38.07318], [145.20257, -38.07311], [145.19473, -38.07213], [145.19544, -38.07117], [145.19643, -38.07007], [145.20015, -38.06553], [145.20592, -38.05852], [145.20604, -38.05836], [145.22401, -38.06057], [145.24006, -38.06253], [145.24245, -38.06288], [145.24295, -38.06028], [145.24317, -38.05928], [145.24367, -38.05672], [145.24373, -38.05643]]]}}, {"type": "Feature", "pct_asian": 37.0, "suburb": "Manor Lakes", "total_pop": 12675, "properties": {"suburb": "Manor Lakes", "pct_asian": 37.0, "total_pop": 12675}, "geometry": {"type": "Polygon", "coordinates": [[[144.59618, -37.85995], [144.5962, -37.85996], [144.5966, -37.86017], [144.59692, -37.86039], [144.5989, -37.86173], [144.59948, -37.86213], [144.60017, -37.86259], [144.60083, -37.86302], [144.60223, -37.86397], [144.60297, -37.86448], [144.60437, -37.86542], [144.60507, -37.8659], [144.6085, -37.86818], [144.609, -37.86855], [144.60954, -37.86905], [144.60965, -37.86917], [144.61077, -37.87035], [144.61109, -37.87069], [144.61686, -37.8768], [144.61834, -37.87835], [144.61828, -37.87853], [144.61748, -37.88028], [144.6174, -37.88046], [144.61669, -37.88199], [144.61573, -37.88407], [144.61572, -37.88409], [144.61498, -37.8857], [144.61492, -37.88583], [144.61453, -37.88572], [144.61445, -37.88573], [144.61446, -37.88567], [144.61447, -37.88561], [144.61446, -37.88555], [144.61446, -37.88549], [144.61444, -37.88542], [144.61442, -37.88536], [144.61439, -37.88529], [144.61435, -37.88523], [144.61431, -37.88518], [144.61426, -37.88512], [144.6142, -37.88507], [144.61414, -37.88503], [144.61408, -37.88498], [144.61401, -37.88495], [144.61397, -37.88493], [144.61393, -37.88492], [144.6139, -37.8849], [144.6129, -37.88456], [144.61233, -37.88437], [144.6122, -37.8843], [144.61211, -37.88424], [144.61203, -37.88417], [144.61171, -37.88392], [144.61168, -37.8839], [144.61166, -37.88389], [144.61162, -37.88387], [144.61158, -37.88385], [144.61154, -37.88383], [144.6115, -37.88382], [144.61145, -37.8838], [144.61143, -37.8838], [144.61139, -37.88379], [144.61136, -37.88379], [144.61132, -37.88379], [144.61127, -37.88379], [144.61122, -37.88379], [144.61118, -37.88379], [144.61113, -37.8838], [144.61109, -37.88381], [144.61106, -37.88382], [144.61102, -37.88383], [144.61036, -37.88409], [144.61006, -37.8842], [144.60962, -37.88434], [144.60886, -37.88458], [144.60875, -37.88461], [144.60856, -37.88465], [144.6084, -37.88464], [144.60823, -37.8846], [144.6076, -37.88439], [144.60738, -37.88438], [144.60705, -37.88434], [144.60667, -37.88662], [144.60576, -37.88647], [144.60481, -37.88631], [144.60206, -37.88584], [144.60053, -37.88537], [144.59867, -37.88424], [144.59728, -37.88257], [144.59722, -37.88256], [144.59707, -37.88255], [144.59095, -37.88187], [144.59094, -37.88187], [144.58888, -37.88164], [144.57146, -37.88039], [144.55318, -37.87827], [144.55321, -37.87815], [144.56009, -37.84114], [144.57473, -37.84562], [144.5825, -37.85087], [144.58381, -37.85175], [144.58433, -37.8521], [144.58648, -37.85355], [144.58654, -37.8536], [144.59032, -37.85614], [144.59271, -37.85776], [144.59506, -37.85936], [144.59618, -37.85995]]]}}, {"type": "Feature", "pct_asian": 48.3, "suburb": "Melbourne", "total_pop": 54941, "properties": {"suburb": "Melbourne", "pct_asian": 48.3, "total_pop": 54941}, "geometry": {"type": "Polygon", "coordinates": [[[144.96885, -37.80728], [144.97239, -37.80991], [144.97363, -37.81259], [144.97457, -37.81461], [144.97542, -37.81597], [144.97731, -37.81771], [144.97842, -37.8182], [144.98449, -37.82193], [144.98895, -37.82403], [144.98834, -37.8275], [144.98793, -37.82966], [144.98782, -37.83048], [144.98609, -37.829], [144.98519, -37.82844], [144.9845, -37.83013], [144.98336, -37.83424], [144.97861, -37.83515], [144.97633, -37.83662], [144.97804, -37.83883], [144.97925, -37.84213], [144.98031, -37.84505], [144.9848, -37.84705], [144.98323, -37.85053], [144.98242, -37.85179], [144.98183, -37.85248], [144.98176, -37.85325], [144.98292, -37.85459], [144.98167, -37.85532], [144.98055, -37.85484], [144.97987, -37.85431], [144.97951, -37.85389], [144.97898, -37.85253], [144.97796, -37.8495], [144.97686, -37.84941], [144.97525, -37.84833], [144.97482, -37.84815], [144.97426, -37.84809], [144.97359, -37.84808], [144.97312, -37.84794], [144.97222, -37.84735], [144.9716, -37.84687], [144.97113, -37.84634], [144.9708, -37.84574], [144.97063, -37.8451], [144.97062, -37.84445], [144.97097, -37.8429], [144.97115, -37.84254], [144.97166, -37.84196], [144.97179, -37.84159], [144.97148, -37.83997], [144.97129, -37.8395], [144.97098, -37.83913], [144.97053, -37.83882], [144.96999, -37.83861], [144.9694, -37.83853], [144.96884, -37.83846], [144.96837, -37.83828], [144.96799, -37.83798], [144.96789, -37.8373], [144.96913, -37.83677], [144.97041, -37.83586], [144.9717, -37.83425], [144.97176, -37.83296], [144.97161, -37.83232], [144.96969, -37.83103], [144.97132, -37.82955], [144.97142, -37.82704], [144.97124, -37.82593], [144.97013, -37.8233], [144.96798, -37.81923], [144.96443, -37.81976], [144.95904, -37.8215], [144.95536, -37.82169], [144.95392, -37.81855], [144.95181, -37.81396], [144.95334, -37.81261], [144.95595, -37.81066], [144.95712, -37.80599], [144.95664, -37.80215], [144.95665, -37.80092], [144.95361, -37.7985], [144.95884, -37.79985], [144.9589, -37.80284], [144.96142, -37.80648], [144.96438, -37.8068], [144.96885, -37.80728]]]}}, {"type": "Feature", "pct_asian": 34.5, "suburb": "Mount Waverley", "total_pop": 35340, "properties": {"suburb": "Mount Waverley", "pct_asian": 34.5, "total_pop": 35340}, "geometry": {"type": "Polygon", "coordinates": [[[145.13414, -37.85785], [145.13505, -37.85795], [145.13675, -37.85814], [145.13868, -37.85835], [145.14148, -37.85866], [145.14405, -37.85895], [145.14505, -37.85907], [145.14726, -37.85933], [145.15069, -37.86029], [145.15052, -37.86118], [145.15026, -37.86248], [145.15024, -37.86261], [145.14997, -37.86397], [145.14979, -37.86492], [145.14961, -37.86583], [145.14901, -37.86895], [145.14869, -37.87066], [145.14841, -37.8721], [145.1484, -37.87228], [145.14811, -37.8739], [145.14793, -37.87485], [145.14783, -37.87516], [145.14762, -37.87631], [145.14738, -37.8776], [145.14704, -37.87939], [145.14689, -37.8802], [145.14667, -37.88137], [145.14632, -37.88322], [145.14617, -37.88401], [145.14597, -37.88507], [145.14592, -37.88554], [145.1457, -37.88672], [145.14535, -37.88869], [145.14527, -37.88919], [145.14495, -37.89049], [145.14476, -37.89126], [145.14445, -37.89294], [145.14411, -37.89481], [145.14397, -37.89569], [145.14386, -37.89619], [145.14335, -37.89899], [145.14296, -37.90112], [145.14191, -37.90112], [145.13618, -37.90047], [145.13164, -37.89995], [145.12563, -37.89927], [145.12347, -37.899], [145.12186, -37.89879], [145.1199, -37.89853], [145.11899, -37.89845], [145.11881, -37.89845], [145.11791, -37.89833], [145.11675, -37.89815], [145.11536, -37.89793], [145.1148, -37.89791], [145.11385, -37.89784], [145.11316, -37.89769], [145.11173, -37.89756], [145.10977, -37.89733], [145.10858, -37.89719], [145.10782, -37.89713], [145.10615, -37.897], [145.10678, -37.89375], [145.10703, -37.89265], [145.10716, -37.89197], [145.10726, -37.89145], [145.10757, -37.88985], [145.10778, -37.88878], [145.10797, -37.8878], [145.10808, -37.88724], [145.10814, -37.88693], [145.10854, -37.88488], [145.10869, -37.88413], [145.10917, -37.88159], [145.10963, -37.87914], [145.10978, -37.87835], [145.11011, -37.8766], [145.11039, -37.87511], [145.11068, -37.8735], [145.11079, -37.87291], [145.11117, -37.87081], [145.11168, -37.86801], [145.11174, -37.86782], [145.11189, -37.86705], [145.11205, -37.86621], [145.11217, -37.86556], [145.11236, -37.86453], [145.11263, -37.86313], [145.113, -37.86107], [145.11332, -37.85936], [145.11357, -37.85798], [145.11384, -37.85654], [145.11497, -37.85561], [145.11893, -37.85607], [145.12169, -37.8564], [145.12365, -37.85663], [145.12562, -37.85687], [145.12698, -37.85703], [145.13066, -37.85746], [145.13229, -37.85764], [145.13293, -37.85771], [145.13414, -37.85785]]]}}, {"type": "Feature", "pct_asian": 44.3, "suburb": "Noble Park", "total_pop": 32257, "properties": {"suburb": "Noble Park", "pct_asian": 44.3, "total_pop": 32257}, "geometry": {"type": "Polygon", "coordinates": [[[145.17699, -37.95139], [145.17956, -37.95367], [145.18257, -37.95628], [145.18347, -37.95714], [145.18582, -37.95924], [145.18837, -37.96151], [145.19205, -37.9648], [145.19508, -37.96753], [145.19483, -37.96876], [145.19432, -37.97148], [145.19362, -37.97527], [145.19318, -37.97796], [145.19499, -37.97858], [145.19625, -37.97977], [145.19695, -37.98041], [145.1965, -37.98101], [145.19615, -37.98159], [145.19525, -37.98171], [145.19476, -37.98206], [145.19431, -37.98244], [145.19406, -37.98263], [145.19409, -37.98302], [145.1926, -37.98301], [145.19218, -37.98136], [145.19186, -37.98019], [145.19059, -37.98236], [145.18901, -37.98227], [145.18593, -37.98189], [145.18573, -37.98198], [145.18528, -37.9822], [145.18483, -37.98192], [145.18428, -37.98208], [145.18349, -37.98354], [145.18304, -37.98403], [145.18225, -37.98434], [145.18185, -37.98394], [145.18038, -37.98375], [145.17968, -37.98365], [145.17923, -37.98397], [145.1767, -37.98367], [145.17629, -37.98315], [145.1747, -37.98407], [145.17447, -37.98422], [145.17337, -37.98404], [145.17062, -37.98223], [145.16875, -37.98294], [145.16765, -37.98167], [145.16629, -37.98027], [145.16547, -37.98009], [145.16491, -37.98032], [145.16479, -37.98105], [145.16292, -37.98105], [145.16229, -37.9812], [145.16177, -37.98155], [145.15897, -37.98121], [145.15872, -37.98049], [145.15879, -37.98014], [145.15885, -37.97981], [145.15893, -37.9794], [145.15896, -37.97924], [145.15912, -37.97841], [145.15843, -37.97787], [145.1586, -37.97729], [145.15857, -37.9771], [145.15902, -37.97665], [145.15961, -37.97633], [145.15975, -37.97598], [145.16053, -37.97603], [145.16127, -37.97614], [145.16059, -37.97506], [145.16052, -37.97463], [145.15962, -37.97409], [145.1599, -37.97344], [145.16015, -37.97248], [145.16058, -37.97029], [145.16023, -37.96892], [145.16099, -37.96818], [145.16, -37.9672], [145.16069, -37.96682], [145.16121, -37.96662], [145.16182, -37.96646], [145.16147, -37.96547], [145.16143, -37.96546], [145.1611, -37.96501], [145.16099, -37.96348], [145.16268, -37.96266], [145.1629, -37.96149], [145.16242, -37.96115], [145.1626, -37.96074], [145.16258, -37.96003], [145.16265, -37.95969], [145.16288, -37.95958], [145.16271, -37.95948], [145.16294, -37.95837], [145.16303, -37.95796], [145.16269, -37.95648], [145.1652, -37.95661], [145.16996, -37.95718], [145.1705, -37.95443], [145.17162, -37.94841], [145.17612, -37.95062], [145.17699, -37.95139]]]}}, {"type": "Feature", "pct_asian": 44.3, "suburb": "Notting Hill", "total_pop": 2895, "properties": {"suburb": "Notting Hill", "pct_asian": 44.3, "total_pop": 2895}, "geometry": {"type": "Polygon", "coordinates": [[[145.13196, -37.90551], [145.12823, -37.90509], [145.12835, -37.90444], [145.12847, -37.9038], [145.12848, -37.90377], [145.12874, -37.90232], [145.12921, -37.89977], [145.12921, -37.89968], [145.13164, -37.89995], [145.13598, -37.90045], [145.13618, -37.90047], [145.13835, -37.90072], [145.14191, -37.90112], [145.14294, -37.90124], [145.14442, -37.90142], [145.14577, -37.90158], [145.14684, -37.90171], [145.1471, -37.90175], [145.14913, -37.90208], [145.15039, -37.90228], [145.15135, -37.90243], [145.15159, -37.90247], [145.15282, -37.9026], [145.15293, -37.90495], [145.15236, -37.90597], [145.15235, -37.90602], [145.15215, -37.90709], [145.15164, -37.90977], [145.15162, -37.90987], [145.15067, -37.90976], [145.15046, -37.91093], [145.14536, -37.91033], [145.14133, -37.90984], [145.14196, -37.90668], [145.14034, -37.90647], [145.13961, -37.90639], [145.13954, -37.90638], [145.13734, -37.90613], [145.13494, -37.90585], [145.13201, -37.90552], [145.13196, -37.90551]]]}}, {"type": "Feature", "pct_asian": 33.5, "suburb": "Point Cook", "total_pop": 66781, "properties": {"suburb": "Point Cook", "pct_asian": 33.5, "total_pop": 66781}, "geometry": {"type": "Polygon", "coordinates": [[[144.79674, -37.91218], [144.79717, -37.91525], [144.7971, -37.91786], [144.79787, -37.91968], [144.7992, -37.92283], [144.79729, -37.92339], [144.79505, -37.92502], [144.79347, -37.92703], [144.78991, -37.92759], [144.78669, -37.92765], [144.78217, -37.92761], [144.77909, -37.92791], [144.77556, -37.92866], [144.7732, -37.92941], [144.77114, -37.93037], [144.76892, -37.93162], [144.76575, -37.93377], [144.76155, -37.93688], [144.7589, -37.93769], [144.75676, -37.93837], [144.75545, -37.93861], [144.75301, -37.93918], [144.75073, -37.93892], [144.7501, -37.93927], [144.74684, -37.93909], [144.7428, -37.93981], [144.74129, -37.94068], [144.7405, -37.94127], [144.7299, -37.92724], [144.71563, -37.91693], [144.71437, -37.91015], [144.71616, -37.90006], [144.71452, -37.89602], [144.70998, -37.89582], [144.7102, -37.8911], [144.70939, -37.88631], [144.70939, -37.88405], [144.7104, -37.8819], [144.71226, -37.88019], [144.71483, -37.87907], [144.72754, -37.87583], [144.74738, -37.87081], [144.75444, -37.87155], [144.75357, -37.8764], [144.75194, -37.8793], [144.75144, -37.88239], [144.75233, -37.88672], [144.75695, -37.88808], [144.762, -37.88862], [144.76316, -37.8845], [144.76646, -37.88391], [144.76752, -37.88478], [144.7693, -37.88445], [144.77086, -37.88415], [144.77279, -37.88495], [144.77436, -37.88678], [144.77562, -37.88823], [144.7767, -37.89054], [144.77895, -37.89279], [144.78095, -37.89448], [144.78064, -37.8973], [144.7811, -37.8993], [144.784, -37.89995], [144.78794, -37.89938], [144.79022, -37.89862], [144.79266, -37.8987], [144.79639, -37.89959], [144.79914, -37.89906], [144.79986, -37.89785], [144.80124, -37.89495], [144.80444, -37.89441], [144.80294, -37.89615], [144.80209, -37.89762], [144.80171, -37.89819], [144.80119, -37.89857], [144.80081, -37.90002], [144.79978, -37.90228], [144.79839, -37.90462], [144.79796, -37.90529], [144.79755, -37.90656], [144.79749, -37.90737], [144.79815, -37.90785], [144.79755, -37.90864], [144.79732, -37.90975], [144.79674, -37.91218]]]}}, {"type": "Feature", "pct_asian": 36.9, "suburb": "Southbank", "total_pop": 22631, "properties": {"suburb": "Southbank", "pct_asian": 36.9, "total_pop": 22631}, "geometry": {"type": "Polygon", "coordinates": [[[144.96139, -37.8205], [144.96303, -37.82009], [144.96369, -37.81991], [144.96443, -37.81976], [144.96478, -37.8197], [144.96539, -37.8196], [144.96632, -37.81945], [144.96642, -37.81944], [144.96718, -37.81933], [144.96798, -37.81923], [144.96826, -37.81921], [144.96831, -37.81933], [144.96835, -37.81941], [144.96844, -37.81961], [144.96894, -37.82071], [144.97013, -37.8233], [144.97053, -37.82417], [144.97089, -37.82494], [144.97094, -37.82506], [144.97106, -37.82535], [144.97116, -37.82564], [144.97124, -37.82593], [144.97128, -37.82611], [144.97132, -37.82629], [144.97136, -37.82649], [144.97138, -37.82667], [144.9714, -37.82687], [144.97142, -37.82704], [144.97143, -37.82725], [144.97143, -37.82742], [144.97134, -37.82864], [144.97133, -37.82892], [144.97132, -37.82923], [144.97132, -37.82955], [144.97133, -37.82983], [144.97133, -37.82988], [144.97042, -37.83015], [144.97023, -37.8302], [144.96942, -37.83043], [144.96831, -37.83076], [144.96736, -37.83103], [144.96585, -37.83147], [144.96516, -37.83077], [144.96488, -37.83049], [144.96422, -37.82982], [144.96385, -37.82945], [144.9632, -37.82879], [144.9628, -37.82857], [144.96274, -37.82858], [144.96233, -37.8287], [144.96152, -37.82894], [144.96028, -37.82931], [144.95954, -37.82953], [144.95948, -37.82954], [144.95905, -37.82967], [144.95657, -37.83037], [144.95579, -37.8306], [144.95497, -37.83083], [144.95455, -37.83066], [144.95449, -37.83071], [144.95408, -37.83107], [144.95361, -37.83005], [144.95323, -37.82923], [144.95318, -37.82911], [144.95277, -37.82822], [144.95203, -37.82867], [144.9501, -37.82985], [144.9496, -37.83016], [144.94927, -37.82982], [144.94902, -37.82956], [144.94845, -37.82895], [144.94793, -37.8284], [144.94718, -37.82759], [144.94716, -37.82757], [144.94714, -37.82755], [144.94713, -37.82754], [144.94712, -37.82753], [144.9471, -37.82751], [144.94708, -37.82748], [144.94707, -37.82746], [144.94705, -37.82745], [144.94704, -37.82742], [144.947, -37.82737], [144.94699, -37.82733], [144.94696, -37.82728], [144.94694, -37.82721], [144.94694, -37.82719], [144.94692, -37.82713], [144.94692, -37.82712], [144.94692, -37.82707], [144.94692, -37.82704], [144.94691, -37.82703], [144.94692, -37.82697], [144.94692, -37.82693], [144.94692, -37.82692], [144.94692, -37.82689], [144.94694, -37.82684], [144.94695, -37.8268], [144.94696, -37.82677], [144.94703, -37.82662], [144.94726, -37.82667], [144.94751, -37.82674], [144.9476, -37.82673], [144.94774, -37.82673], [144.94787, -37.82675], [144.94832, -37.82683], [144.94859, -37.82687], [144.94905, -37.82694], [144.94962, -37.82703], [144.95014, -37.82711], [144.95125, -37.82731], [144.95187, -37.82741], [144.9522, -37.82746], [144.9525, -37.8275], [144.95298, -37.82759], [144.95311, -37.82755], [144.95342, -37.82736], [144.95524, -37.8262], [144.95586, -37.82575], [144.95599, -37.82564], [144.95614, -37.82553], [144.9563, -37.82544], [144.95664, -37.82529], [144.95684, -37.82523], [144.95698, -37.82518], [144.95618, -37.82346], [144.95599, -37.82304], [144.95692, -37.82258], [144.95786, -37.82207], [144.95809, -37.82196], [144.95904, -37.8215], [144.96001, -37.82103], [144.96063, -37.82074], [144.96139, -37.8205]]]}}, {"type": "Feature", "pct_asian": 56.4, "suburb": "Springvale", "total_pop": 22174, "properties": {"suburb": "Springvale", "pct_asian": 56.4, "total_pop": 22174}, "geometry": {"type": "Polygon", "coordinates": [[[145.15592, -37.93244], [145.15673, -37.93313], [145.15827, -37.93333], [145.15964, -37.93351], [145.16025, -37.93358], [145.16209, -37.93379], [145.16276, -37.93388], [145.16515, -37.93418], [145.16651, -37.93435], [145.16766, -37.93449], [145.16929, -37.93469], [145.17162, -37.93498], [145.17429, -37.93531], [145.17587, -37.93552], [145.17955, -37.93602], [145.18128, -37.93623], [145.1831, -37.93831], [145.18481, -37.93853], [145.18603, -37.9391], [145.18617, -37.93919], [145.18635, -37.93932], [145.1865, -37.93945], [145.18665, -37.93959], [145.18677, -37.93974], [145.18689, -37.9399], [145.18698, -37.94007], [145.18706, -37.94024], [145.18712, -37.94039], [145.18715, -37.9405], [145.18719, -37.94068], [145.18721, -37.941], [145.18691, -37.94289], [145.18684, -37.94322], [145.18629, -37.94503], [145.18622, -37.94514], [145.18611, -37.9453], [145.18599, -37.94545], [145.18585, -37.9456], [145.18569, -37.94573], [145.18552, -37.94585], [145.18534, -37.94597], [145.18516, -37.94607], [145.18496, -37.94616], [145.1848, -37.94622], [145.18458, -37.94628], [145.18263, -37.94657], [145.18153, -37.9466], [145.18118, -37.94852], [145.18018, -37.9509], [145.17601, -37.95051], [145.17162, -37.94841], [145.17104, -37.95159], [145.1702, -37.95594], [145.16996, -37.95718], [145.16638, -37.95675], [145.16468, -37.9565], [145.16269, -37.95648], [145.16356, -37.95803], [145.16297, -37.95824], [145.16294, -37.95837], [145.16274, -37.95934], [145.1629, -37.95951], [145.16288, -37.95958], [145.16285, -37.95971], [145.16263, -37.95976], [145.16258, -37.96003], [145.16237, -37.96071], [145.16255, -37.96103], [145.16242, -37.96115], [145.16236, -37.96142], [145.16284, -37.96184], [145.16268, -37.96266], [145.16166, -37.96357], [145.15945, -37.96329], [145.15783, -37.96308], [145.15495, -37.96272], [145.15037, -37.96216], [145.14745, -37.9618], [145.14632, -37.96166], [145.1454, -37.96155], [145.14166, -37.9611], [145.13969, -37.96086], [145.13809, -37.96066], [145.13681, -37.96051], [145.13662, -37.96026], [145.13679, -37.95919], [145.13704, -37.95764], [145.13707, -37.95745], [145.1374, -37.95554], [145.13755, -37.95474], [145.13775, -37.9536], [145.13802, -37.95217], [145.13814, -37.95153], [145.13824, -37.95105], [145.13842, -37.95016], [145.13866, -37.94893], [145.13898, -37.94734], [145.13919, -37.94639], [145.13936, -37.94584], [145.1396, -37.94474], [145.13992, -37.94323], [145.1401, -37.94213], [145.14007, -37.94146], [145.14006, -37.94113], [145.14005, -37.93994], [145.13969, -37.93948], [145.1399, -37.93843], [145.14162, -37.93136], [145.14209, -37.92902], [145.14259, -37.92642], [145.14274, -37.92576], [145.14323, -37.92476], [145.14543, -37.92583], [145.14757, -37.92718], [145.1488, -37.92796], [145.15354, -37.93095], [145.15493, -37.93182], [145.15585, -37.9324], [145.15592, -37.93244]]]}}, {"type": "Feature", "pct_asian": 50.0, "suburb": "Springvale South", "total_pop": 12766, "properties": {"suburb": "Springvale South", "pct_asian": 50.0, "total_pop": 12766}, "geometry": {"type": "Polygon", "coordinates": [[[145.15037, -37.96216], [145.15495, -37.96272], [145.15783, -37.96308], [145.15945, -37.96329], [145.16071, -37.96489], [145.1611, -37.96501], [145.16109, -37.96542], [145.16142, -37.96552], [145.16147, -37.96547], [145.16192, -37.96593], [145.16144, -37.96641], [145.16121, -37.96662], [145.16108, -37.96712], [145.1601, -37.96674], [145.16, -37.9672], [145.16039, -37.9681], [145.16097, -37.96825], [145.16023, -37.96892], [145.16065, -37.9699], [145.16043, -37.97105], [145.16015, -37.97248], [145.15993, -37.9733], [145.1599, -37.9735], [145.15962, -37.97409], [145.16001, -37.97457], [145.16067, -37.97465], [145.16059, -37.97506], [145.16141, -37.97545], [145.16073, -37.97608], [145.16053, -37.97603], [145.16032, -37.97604], [145.15974, -37.97597], [145.15961, -37.97633], [145.15948, -37.97671], [145.15898, -37.97684], [145.15857, -37.9771], [145.15861, -37.97711], [145.15858, -37.97753], [145.15843, -37.97787], [145.15917, -37.97813], [145.1591, -37.97849], [145.15896, -37.97924], [145.15893, -37.97938], [145.15891, -37.97952], [145.15885, -37.97981], [145.1588, -37.98008], [145.15877, -37.98022], [145.15872, -37.98049], [145.15859, -37.98116], [145.15602, -37.98086], [145.1559, -37.98145], [145.15555, -37.98324], [145.15547, -37.98363], [145.15228, -37.98323], [145.15183, -37.98327], [145.1517, -37.98306], [145.15117, -37.98316], [145.15012, -37.98303], [145.14941, -37.98294], [145.14796, -37.98269], [145.14624, -37.98209], [145.14592, -37.9836], [145.14569, -37.98352], [145.14531, -37.98323], [145.14473, -37.98259], [145.14381, -37.98153], [145.14334, -37.98091], [145.14289, -37.98023], [145.14252, -37.97966], [145.14166, -37.97848], [145.14017, -37.97644], [145.13923, -37.9749], [145.13763, -37.97222], [145.13615, -37.96972], [145.13584, -37.96919], [145.13531, -37.9683], [145.13505, -37.96778], [145.13308, -37.96399], [145.13205, -37.96272], [145.13119, -37.96217], [145.13011, -37.96167], [145.13, -37.961], [145.13035, -37.9606], [145.13045, -37.9605], [145.13062, -37.9604], [145.13086, -37.96026], [145.13108, -37.96017], [145.13139, -37.96007], [145.13194, -37.95992], [145.13493, -37.96028], [145.13681, -37.96051], [145.13809, -37.96066], [145.13969, -37.96086], [145.14166, -37.9611], [145.1454, -37.96155], [145.14632, -37.96166], [145.14745, -37.9618], [145.15037, -37.96216]]]}}, {"type": "Feature", "pct_asian": 36.9, "suburb": "St Albans", "total_pop": 38042, "properties": {"suburb": "St Albans", "pct_asian": 36.9, "total_pop": 38042}, "geometry": {"type": "Polygon", "coordinates": [[[144.81529, -37.7297], [144.81673, -37.73144], [144.818, -37.73295], [144.81944, -37.73465], [144.82097, -37.73646], [144.82252, -37.7383], [144.8239, -37.73993], [144.82591, -37.74231], [144.8291, -37.74608], [144.82791, -37.74672], [144.82843, -37.74763], [144.83063, -37.74789], [144.83125, -37.74969], [144.82911, -37.75234], [144.82747, -37.75359], [144.82434, -37.75596], [144.82338, -37.75668], [144.82216, -37.75773], [144.821, -37.75941], [144.81975, -37.76108], [144.81946, -37.76148], [144.81866, -37.76332], [144.8159, -37.76588], [144.81451, -37.76674], [144.8122, -37.76766], [144.81114, -37.76863], [144.80683, -37.76834], [144.80585, -37.7673], [144.80568, -37.76584], [144.80491, -37.76502], [144.80326, -37.76459], [144.80119, -37.76343], [144.80082, -37.76309], [144.80126, -37.76089], [144.80124, -37.76085], [144.80122, -37.76082], [144.80117, -37.76079], [144.80103, -37.76075], [144.79928, -37.76055], [144.79923, -37.76051], [144.7992, -37.76045], [144.79867, -37.76002], [144.7985, -37.75998], [144.79844, -37.75995], [144.79804, -37.75964], [144.79765, -37.75938], [144.79751, -37.7592], [144.79744, -37.759], [144.79743, -37.75889], [144.79744, -37.75879], [144.79752, -37.75852], [144.79596, -37.75831], [144.79472, -37.75822], [144.79481, -37.75759], [144.79597, -37.75732], [144.79661, -37.7574], [144.79668, -37.7574], [144.79676, -37.75739], [144.79683, -37.75737], [144.79689, -37.75735], [144.79696, -37.75732], [144.79706, -37.75726], [144.79714, -37.7572], [144.79722, -37.75713], [144.79728, -37.75705], [144.79732, -37.75698], [144.79736, -37.75689], [144.79739, -37.7568], [144.7974, -37.75673], [144.7974, -37.75666], [144.7974, -37.75659], [144.79738, -37.7565], [144.79736, -37.75643], [144.79732, -37.75637], [144.79727, -37.75628], [144.79723, -37.75622], [144.79716, -37.75614], [144.79712, -37.75608], [144.79708, -37.75602], [144.79632, -37.75484], [144.79606, -37.7544], [144.79536, -37.75267], [144.79307, -37.74981], [144.79101, -37.74784], [144.78946, -37.74767], [144.78779, -37.74761], [144.78551, -37.74736], [144.78417, -37.74721], [144.78212, -37.74699], [144.77985, -37.74674], [144.77876, -37.74644], [144.77896, -37.74529], [144.77945, -37.74194], [144.77983, -37.74015], [144.78006, -37.73889], [144.78025, -37.73783], [144.78043, -37.73678], [144.78061, -37.73575], [144.78142, -37.73101], [144.78168, -37.72953], [144.78188, -37.72833], [144.78493, -37.72766], [144.78837, -37.72778], [144.79148, -37.72789], [144.79333, -37.72795], [144.79739, -37.72802], [144.80065, -37.72814], [144.8024, -37.72824], [144.80586, -37.72862], [144.80883, -37.72894], [144.81222, -37.7293], [144.81503, -37.72962], [144.81529, -37.7297]]]}}, {"type": "Feature", "pct_asian": 33.8, "suburb": "Strathtulloh", "total_pop": 3997, "properties": {"suburb": "Strathtulloh", "pct_asian": 33.8, "total_pop": 3997}, "geometry": {"type": "Polygon", "coordinates": [[[144.59313, -37.71569], [144.59806, -37.71625], [144.6081, -37.72164], [144.61791, -37.72059], [144.61328, -37.74617], [144.57532, -37.7471], [144.57593, -37.74631], [144.57729, -37.74624], [144.57823, -37.74641], [144.57912, -37.7463], [144.57913, -37.74555], [144.57943, -37.74471], [144.58019, -37.74402], [144.58018, -37.74333], [144.57907, -37.74254], [144.57939, -37.74179], [144.57981, -37.74122], [144.58153, -37.74021], [144.58246, -37.73978], [144.58347, -37.73915], [144.58369, -37.73866], [144.58352, -37.73801], [144.5831, -37.73781], [144.58246, -37.73742], [144.582, -37.73698], [144.58124, -37.73652], [144.58067, -37.73695], [144.58009, -37.73727], [144.57989, -37.73741], [144.5796, -37.73767], [144.57939, -37.73768], [144.57897, -37.7376], [144.57889, -37.73751], [144.57895, -37.73713], [144.57902, -37.73688], [144.57907, -37.73654], [144.57907, -37.73611], [144.57911, -37.73565], [144.57916, -37.73517], [144.57899, -37.73477], [144.57856, -37.73451], [144.57795, -37.73427], [144.57778, -37.73413], [144.57728, -37.73394], [144.577, -37.73367], [144.57702, -37.7335], [144.57721, -37.73304], [144.57795, -37.731], [144.57935, -37.72884], [144.57941, -37.72731], [144.58029, -37.72633], [144.58056, -37.72562], [144.58145, -37.72479], [144.58253, -37.72321], [144.58271, -37.72174], [144.58207, -37.72069], [144.5826, -37.72029], [144.58276, -37.72001], [144.58266, -37.71976], [144.58245, -37.71951], [144.58245, -37.71939], [144.58252, -37.71928], [144.58282, -37.71894], [144.58299, -37.71869], [144.58308, -37.71837], [144.58295, -37.7183], [144.58267, -37.71836], [144.58196, -37.7184], [144.58156, -37.71823], [144.5815, -37.71784], [144.58184, -37.71748], [144.5818, -37.71715], [144.58106, -37.71676], [144.58059, -37.71639], [144.58056, -37.71607], [144.58096, -37.71598], [144.5812, -37.71584], [144.58181, -37.71606], [144.58207, -37.71601], [144.58221, -37.71557], [144.58263, -37.71505], [144.59039, -37.71538], [144.59313, -37.71569]]]}}, {"type": "Feature", "pct_asian": 33.5, "suburb": "Sunshine", "total_pop": 9445, "properties": {"suburb": "Sunshine", "pct_asian": 33.5, "total_pop": 9445}, "geometry": {"type": "Polygon", "coordinates": [[[144.83923, -37.79692], [144.84349, -37.80282], [144.83881, -37.80229], [144.83646, -37.80271], [144.83241, -37.8018], [144.8315, -37.80112], [144.83038, -37.8012], [144.82984, -37.79954], [144.83131, -37.79921], [144.8326, -37.7986], [144.83196, -37.79771], [144.83079, -37.797], [144.82952, -37.79761], [144.82759, -37.79902], [144.8253, -37.79971], [144.82246, -37.80128], [144.82145, -37.80052], [144.82113, -37.79955], [144.82121, -37.79836], [144.82188, -37.79787], [144.82192, -37.79673], [144.82169, -37.79578], [144.82282, -37.79481], [144.82329, -37.79389], [144.82527, -37.79376], [144.82602, -37.79344], [144.82619, -37.79312], [144.82569, -37.79041], [144.82528, -37.78817], [144.82503, -37.78743], [144.82476, -37.78677], [144.8243, -37.78613], [144.8238, -37.78611], [144.82337, -37.78627], [144.82324, -37.78633], [144.82309, -37.78643], [144.82291, -37.78651], [144.82261, -37.78668], [144.8224, -37.78681], [144.82205, -37.78689], [144.82177, -37.78692], [144.82166, -37.78692], [144.82141, -37.78699], [144.82114, -37.7871], [144.82102, -37.78712], [144.82093, -37.78712], [144.82088, -37.78713], [144.82083, -37.78715], [144.82073, -37.78713], [144.8206, -37.78707], [144.82048, -37.78705], [144.82038, -37.78706], [144.82031, -37.78703], [144.82005, -37.78695], [144.81986, -37.7869], [144.81943, -37.78683], [144.81923, -37.78682], [144.81904, -37.78685], [144.81884, -37.78686], [144.81855, -37.78684], [144.81827, -37.78674], [144.81804, -37.78668], [144.81786, -37.78666], [144.81767, -37.78661], [144.81748, -37.78656], [144.81731, -37.78655], [144.81648, -37.78639], [144.81608, -37.78597], [144.81527, -37.78542], [144.81652, -37.78423], [144.82112, -37.7847], [144.82436, -37.78504], [144.82734, -37.78536], [144.82792, -37.78183], [144.82871, -37.77716], [144.83484, -37.77768], [144.83929, -37.77818], [144.84258, -37.77855], [144.84717, -37.77906], [144.84687, -37.78119], [144.84656, -37.783], [144.84578, -37.78765], [144.84512, -37.79169], [144.84439, -37.79382], [144.84435, -37.79395], [144.84442, -37.79411], [144.84429, -37.79449], [144.84418, -37.79471], [144.84398, -37.79502], [144.84369, -37.79526], [144.84343, -37.79538], [144.843, -37.79549], [144.84255, -37.79558], [144.84197, -37.79611], [144.84181, -37.79633], [144.84186, -37.79673], [144.84211, -37.797], [144.84241, -37.79723], [144.83923, -37.79692]]]}}, {"type": "Feature", "pct_asian": 39.2, "suburb": "Sunshine North", "total_pop": 12047, "properties": {"suburb": "Sunshine North", "pct_asian": 39.2, "total_pop": 12047}, "geometry": {"type": "Polygon", "coordinates": [[[144.83351, -37.75065], [144.83478, -37.74957], [144.83622, -37.74847], [144.8391, -37.74673], [144.83946, -37.74703], [144.84034, -37.74744], [144.84132, -37.74736], [144.84232, -37.74704], [144.84322, -37.7469], [144.84421, -37.74656], [144.84522, -37.74666], [144.84587, -37.74719], [144.84619, -37.74738], [144.84686, -37.74805], [144.84714, -37.74869], [144.84757, -37.74944], [144.84779, -37.74995], [144.84818, -37.75071], [144.84844, -37.75133], [144.84857, -37.75185], [144.8488, -37.75255], [144.84907, -37.75309], [144.84925, -37.75371], [144.84936, -37.75413], [144.84955, -37.75444], [144.8496, -37.75491], [144.84948, -37.75583], [144.84937, -37.75633], [144.8493, -37.75682], [144.84911, -37.75727], [144.84879, -37.75788], [144.84862, -37.75838], [144.84844, -37.75886], [144.84829, -37.75944], [144.84836, -37.75989], [144.84861, -37.76033], [144.84888, -37.76077], [144.84933, -37.76116], [144.84969, -37.76122], [144.8499, -37.76124], [144.85011, -37.76123], [144.85041, -37.76128], [144.85073, -37.76147], [144.8512, -37.76172], [144.85207, -37.76215], [144.85261, -37.76228], [144.85315, -37.76227], [144.85368, -37.76228], [144.85388, -37.76247], [144.85387, -37.76289], [144.85401, -37.76339], [144.85426, -37.7643], [144.8542, -37.76496], [144.85412, -37.7653], [144.85355, -37.76637], [144.85305, -37.76706], [144.8524, -37.76744], [144.85166, -37.76794], [144.85122, -37.76844], [144.85107, -37.76907], [144.8512, -37.76965], [144.85111, -37.77154], [144.85057, -37.7734], [144.84797, -37.77454], [144.84745, -37.77726], [144.84717, -37.77906], [144.84391, -37.7787], [144.84047, -37.77831], [144.83873, -37.77812], [144.83484, -37.77768], [144.82873, -37.77699], [144.82393, -37.77649], [144.81751, -37.76797], [144.81609, -37.76528], [144.81946, -37.76148], [144.82003, -37.76083], [144.82216, -37.75773], [144.82357, -37.75654], [144.82747, -37.75359], [144.82948, -37.75081], [144.83351, -37.75065]]]}}, {"type": "Feature", "pct_asian": 42.0, "suburb": "Tarneit", "total_pop": 56370, "properties": {"suburb": "Tarneit", "pct_asian": 42.0, "total_pop": 56370}, "geometry": {"type": "Polygon", "coordinates": [[[144.66529, -37.87073], [144.65782, -37.87061], [144.65755, -37.87085], [144.65086, -37.87034], [144.65316, -37.86756], [144.64948, -37.86926], [144.6463, -37.86965], [144.64695, -37.8665], [144.64015, -37.86577], [144.6361, -37.86773], [144.63371, -37.86455], [144.63088, -37.86226], [144.62684, -37.86125], [144.62365, -37.86009], [144.62377, -37.85815], [144.62538, -37.85557], [144.623, -37.85197], [144.62048, -37.85188], [144.61893, -37.84992], [144.61695, -37.8467], [144.61796, -37.84371], [144.61551, -37.83721], [144.65028, -37.82942], [144.65644, -37.81749], [144.69595, -37.80501], [144.70954, -37.80824], [144.71186, -37.81058], [144.71053, -37.8129], [144.70849, -37.81349], [144.70604, -37.81673], [144.70601, -37.81924], [144.70458, -37.82038], [144.70434, -37.8222], [144.70446, -37.82503], [144.70425, -37.82795], [144.70456, -37.82895], [144.70443, -37.82956], [144.70402, -37.83206], [144.70349, -37.83354], [144.70269, -37.83507], [144.70324, -37.83608], [144.70385, -37.83734], [144.70441, -37.8389], [144.70458, -37.83942], [144.70463, -37.83978], [144.70491, -37.84], [144.70525, -37.84021], [144.70615, -37.84013], [144.70694, -37.84065], [144.70696, -37.84124], [144.70667, -37.84167], [144.70643, -37.84206], [144.70602, -37.84236], [144.70566, -37.84336], [144.70648, -37.8448], [144.70713, -37.84502], [144.70802, -37.84493], [144.70879, -37.84492], [144.70953, -37.84499], [144.71013, -37.84501], [144.71078, -37.8448], [144.7111, -37.84472], [144.71164, -37.84486], [144.7121, -37.84526], [144.7127, -37.84582], [144.71305, -37.84614], [144.7136, -37.84656], [144.71383, -37.84714], [144.71398, -37.84743], [144.71396, -37.84764], [144.71363, -37.84811], [144.7133, -37.84862], [144.71317, -37.84913], [144.71317, -37.84992], [144.71332, -37.85116], [144.70002, -37.84979], [144.68428, -37.84802], [144.67243, -37.84669], [144.66812, -37.85447], [144.66666, -37.86297], [144.66568, -37.86847], [144.66529, -37.87073]]]}}, {"type": "Feature", "pct_asian": 42.9, "suburb": "Truganina", "total_pop": 36305, "properties": {"suburb": "Truganina", "pct_asian": 42.9, "total_pop": 36305}, "geometry": {"type": "Polygon", "coordinates": [[[144.72122, -37.86287], [144.71817, -37.85897], [144.71477, -37.85754], [144.71266, -37.85394], [144.71208, -37.85326], [144.71188, -37.85214], [144.71289, -37.85158], [144.71328, -37.85142], [144.71328, -37.85017], [144.71311, -37.84936], [144.71321, -37.84883], [144.7136, -37.84818], [144.71396, -37.84764], [144.71397, -37.8474], [144.71376, -37.847], [144.71347, -37.84646], [144.71294, -37.84602], [144.71239, -37.84555], [144.71184, -37.84499], [144.71122, -37.84472], [144.71084, -37.84477], [144.71013, -37.84501], [144.7094, -37.84498], [144.70862, -37.84492], [144.70781, -37.845], [144.70682, -37.84495], [144.7059, -37.84416], [144.70587, -37.84266], [144.70638, -37.84209], [144.70664, -37.8417], [144.70696, -37.84124], [144.7069, -37.84056], [144.70583, -37.84013], [144.70509, -37.84016], [144.70474, -37.83993], [144.7047, -37.8396], [144.70436, -37.83917], [144.70408, -37.83768], [144.7033, -37.83626], [144.70269, -37.83507], [144.70354, -37.83349], [144.70428, -37.83029], [144.70449, -37.82948], [144.70458, -37.8288], [144.70323, -37.82649], [144.70481, -37.82327], [144.70465, -37.82102], [144.70586, -37.81924], [144.70604, -37.81673], [144.70865, -37.81332], [144.7111, -37.81247], [144.71088, -37.8093], [144.7088, -37.80748], [144.68191, -37.7747], [144.66309, -37.74426], [144.66997, -37.73961], [144.67469, -37.7363], [144.7006, -37.74556], [144.71084, -37.74845], [144.75121, -37.79589], [144.75232, -37.81056], [144.76583, -37.83729], [144.74655, -37.854], [144.73125, -37.85311], [144.73143, -37.8613], [144.72735, -37.86537], [144.72024, -37.86841], [144.71917, -37.86844], [144.71805, -37.86851], [144.71749, -37.86845], [144.71697, -37.86816], [144.71663, -37.86764], [144.71654, -37.86714], [144.71691, -37.86608], [144.71726, -37.86549], [144.71769, -37.86492], [144.71822, -37.86452], [144.71915, -37.86415], [144.71985, -37.86385], [144.72018, -37.86368], [144.72053, -37.86357], [144.72101, -37.8634], [144.72122, -37.86315], [144.72122, -37.86287]]]}}, {"type": "Feature", "pct_asian": 33.2, "suburb": "Wantirna South", "total_pop": 20754, "properties": {"suburb": "Wantirna South", "pct_asian": 33.2, "total_pop": 20754}, "geometry": {"type": "Polygon", "coordinates": [[[145.25055, -37.86795], [145.24721, -37.87811], [145.2411, -37.88205], [145.22541, -37.88858], [145.21499, -37.88903], [145.19541, -37.88786], [145.19514, -37.88744], [145.1954, -37.88735], [145.19552, -37.88668], [145.19598, -37.8861], [145.1954, -37.88623], [145.19442, -37.88573], [145.19479, -37.88488], [145.19547, -37.88481], [145.19457, -37.88444], [145.19489, -37.8841], [145.19504, -37.88363], [145.19528, -37.88339], [145.19451, -37.88278], [145.19405, -37.88207], [145.19351, -37.88228], [145.19305, -37.88203], [145.19227, -37.88137], [145.19172, -37.88072], [145.19106, -37.88074], [145.1916, -37.88005], [145.19204, -37.87933], [145.19167, -37.87916], [145.19101, -37.87874], [145.19141, -37.87802], [145.19177, -37.87749], [145.19125, -37.87684], [145.19234, -37.87588], [145.19235, -37.87532], [145.19247, -37.87473], [145.19216, -37.87456], [145.19218, -37.87403], [145.19338, -37.87429], [145.19278, -37.87396], [145.19347, -37.87342], [145.19328, -37.87304], [145.19261, -37.87229], [145.19224, -37.87154], [145.19321, -37.87162], [145.19332, -37.87076], [145.19309, -37.87056], [145.19355, -37.86962], [145.19404, -37.86909], [145.19434, -37.86861], [145.19402, -37.86852], [145.19495, -37.86759], [145.1943, -37.86746], [145.19485, -37.86685], [145.19498, -37.86645], [145.19418, -37.86624], [145.1954, -37.86618], [145.19516, -37.86592], [145.19507, -37.86528], [145.19566, -37.86483], [145.19645, -37.86465], [145.19661, -37.86519], [145.19704, -37.86495], [145.19675, -37.86407], [145.19717, -37.8639], [145.19796, -37.86363], [145.19802, -37.86345], [145.19901, -37.86338], [145.19914, -37.86272], [145.19916, -37.86231], [145.19973, -37.8616], [145.20026, -37.86149], [145.2007, -37.86173], [145.20096, -37.86181], [145.20141, -37.86114], [145.20064, -37.86067], [145.20018, -37.86006], [145.19964, -37.85975], [145.20005, -37.85941], [145.23783, -37.86404], [145.25221, -37.8551], [145.25432, -37.86873], [145.25055, -37.86795]]]}}, {"type": "Feature", "pct_asian": 34.7, "suburb": "West Melbourne", "total_pop": 8025, "properties": {"suburb": "West Melbourne", "pct_asian": 34.7, "total_pop": 8025}, "geometry": {"type": "Polygon", "coordinates": [[[144.95268, -37.8128], [144.95144, -37.81315], [144.9493, -37.81255], [144.94812, -37.81152], [144.94603, -37.81163], [144.94525, -37.81208], [144.94495, -37.81204], [144.94372, -37.81245], [144.94335, -37.81253], [144.94303, -37.81249], [144.94203, -37.81194], [144.94083, -37.81132], [144.93911, -37.81051], [144.93792, -37.81004], [144.9368, -37.80971], [144.93544, -37.8095], [144.93473, -37.81014], [144.93468, -37.81052], [144.93444, -37.81267], [144.9333, -37.81405], [144.93241, -37.81508], [144.93115, -37.81537], [144.92963, -37.81589], [144.92881, -37.81605], [144.9199, -37.81853], [144.91978, -37.82002], [144.9158, -37.8206], [144.9129, -37.8211], [144.91196, -37.82142], [144.91146, -37.82161], [144.911, -37.82172], [144.91013, -37.82198], [144.90953, -37.82222], [144.90704, -37.8233], [144.90614, -37.82224], [144.90664, -37.82101], [144.9065, -37.81914], [144.90585, -37.81678], [144.90548, -37.81537], [144.90546, -37.81423], [144.90558, -37.81276], [144.90594, -37.81114], [144.90624, -37.81011], [144.90633, -37.8095], [144.90644, -37.80884], [144.90697, -37.80762], [144.90759, -37.80612], [144.90823, -37.80459], [144.90862, -37.80375], [144.90928, -37.8024], [144.91012, -37.80104], [144.91042, -37.80062], [144.91099, -37.80009], [144.91172, -37.79972], [144.91243, -37.79956], [144.91313, -37.79961], [144.91377, -37.79998], [144.91444, -37.80024], [144.91508, -37.8001], [144.91589, -37.79945], [144.91639, -37.79875], [144.9165, -37.7982], [144.92205, -37.79904], [144.92582, -37.79943], [144.9272, -37.79964], [144.92966, -37.80017], [144.9342, -37.8014], [144.93653, -37.80255], [144.93951, -37.80433], [144.94109, -37.80512], [144.94203, -37.80466], [144.94266, -37.80442], [144.9442, -37.80459], [144.94715, -37.80491], [144.94907, -37.8051], [144.95074, -37.80528], [144.95369, -37.80561], [144.95516, -37.80577], [144.95569, -37.80771], [144.9554, -37.80947], [144.95595, -37.81066], [144.95645, -37.81174], [144.95429, -37.81235], [144.95334, -37.81261], [144.95268, -37.8128]]]}}, {"type": "Feature", "pct_asian": 44.1, "suburb": "Williams Landing", "total_pop": 9448, "properties": {"suburb": "Williams Landing", "pct_asian": 44.1, "total_pop": 9448}, "geometry": {"type": "Polygon", "coordinates": [[[144.7483, -37.87057], [144.74738, -37.87081], [144.73819, -37.87313], [144.73692, -37.87345], [144.73686, -37.8734], [144.73682, -37.87331], [144.73669, -37.873], [144.73658, -37.87271], [144.73579, -37.87053], [144.73548, -37.8698], [144.73531, -37.86957], [144.73511, -37.86934], [144.73451, -37.8689], [144.73466, -37.8687], [144.73475, -37.86854], [144.73481, -37.86839], [144.73484, -37.86824], [144.73484, -37.86806], [144.7348, -37.86777], [144.73469, -37.86755], [144.73454, -37.86733], [144.73329, -37.86575], [144.73231, -37.8645], [144.73135, -37.86327], [144.7318, -37.86302], [144.73176, -37.86276], [144.73162, -37.8621], [144.73143, -37.8613], [144.73142, -37.86127], [144.73122, -37.86056], [144.73071, -37.85871], [144.73065, -37.85833], [144.73062, -37.85797], [144.73066, -37.8576], [144.73089, -37.85589], [144.7309, -37.85581], [144.73098, -37.85518], [144.73125, -37.85311], [144.73128, -37.85271], [144.73326, -37.85286], [144.73488, -37.853], [144.73506, -37.85302], [144.73691, -37.85317], [144.73891, -37.85334], [144.74154, -37.85357], [144.74185, -37.8536], [144.74508, -37.85387], [144.74655, -37.854], [144.74726, -37.85399], [144.75079, -37.85429], [144.75254, -37.85443], [144.75254, -37.85451], [144.75266, -37.85463], [144.75297, -37.85498], [144.75424, -37.85642], [144.75477, -37.85701], [144.75482, -37.85707], [144.75509, -37.85759], [144.75545, -37.85826], [144.75547, -37.85832], [144.75642, -37.86102], [144.75645, -37.8611], [144.75648, -37.8612], [144.75772, -37.86472], [144.75783, -37.86505], [144.75567, -37.8656], [144.75239, -37.86643], [144.75078, -37.86683], [144.75074, -37.86685], [144.75072, -37.86685], [144.75068, -37.86687], [144.75064, -37.86689], [144.7506, -37.86691], [144.75058, -37.86692], [144.75055, -37.86694], [144.75052, -37.86697], [144.7505, -37.86698], [144.75047, -37.86701], [144.75045, -37.86704], [144.75109, -37.86866], [144.75098, -37.8691], [144.75113, -37.86951], [144.75131, -37.86981], [144.7483, -37.87057]]]}}]}